zipcode,price,bedrooms,near_college
92154,2595,2,0
92154,1995,1,0
92154,2578,1,0
92154,2285,1,0
92154,3101,1,0
92154,2412,1,0
92154,2224,0,0
92154,2241,1,0
92154,3646,2,0
92154,2595,2,0
92154,1995,1,0
92154,2578,1,0
92154,2285,1,0
92154,3101,1,0
92154,2412,1,0
92154,2224,0,0
92154,2241,1,0
92154,3646,2,0
92154,2595,2,0
92154,1995,1,0
92154,2578,1,0
92154,2285,1,0
92154,3101,1,0
92154,2412,1,0
92154,2224,0,0
92154,2241,1,0
92154,3646,2,0
92154,2595,2,0
92154,1995,1,0
92154,2578,1,0
92154,2285,1,0
92154,3101,1,0
92154,2412,1,0
92154,2224,0,0
92154,2241,1,0
92154,3646,2,0
92154,2595,2,0
92154,1995,1,0
92154,2578,1,0
92154,2285,1,0
92154,3101,1,0
92154,2412,1,0
92154,2224,0,0
92154,2241,1,0
92154,3646,2,0
92154,2595,2,0
92154,1995,1,0
92154,2578,1,0
92154,2285,1,0
92154,3101,1,0
92154,2412,1,0
92154,2224,0,0
92154,2241,1,0
92154,3646,2,0
92154,2595,2,0
92154,1995,1,0
92154,2578,1,0
92154,2285,1,0
92154,3101,1,0
92154,2412,1,0
92154,2224,0,0
92154,2241,1,0
92154,3646,2,0
92154,2595,2,0
92154,1995,1,0
92154,2578,1,0
92154,2285,1,0
92154,3101,1,0
92154,2412,1,0
92154,2224,0,0
92154,2241,1,0
92154,3646,2,0
92154,2595,2,0
92154,1995,1,0
92154,2578,1,0
92154,2285,1,0
92154,3101,1,0
92154,2412,1,0
92154,2224,0,0
92154,2241,1,0
92154,3646,2,0
92126,2465,0,1
92126,2580,1,1
92126,2450,1,1
92126,2549,1,1
92126,2295,1,1
92126,2079,0,1
92126,2209,1,1
92126,1995,1,1
92126,2465,0,1
92126,2580,1,1
92126,2450,1,1
92126,2549,1,1
92126,2295,1,1
92126,2079,0,1
92126,2209,1,1
92126,1995,1,1
92126,2465,0,1
92126,2580,1,1
92126,2450,1,1
92126,2549,1,1
92126,2295,1,1
92126,2079,0,1
92126,2209,1,1
92126,1995,1,1
92126,2465,0,1
92126,2580,1,1
92126,2450,1,1
92126,2549,1,1
92126,2295,1,1
92126,2079,0,1
92126,2209,1,1
92126,1995,1,1
92126,2465,0,1
92126,2580,1,1
92126,2450,1,1
92126,2549,1,1
92126,2295,1,1
92126,2079,0,1
92126,2209,1,1
92126,1995,1,1
92126,2465,0,1
92126,2580,1,1
92126,2450,1,1
92126,2549,1,1
92126,2295,1,1
92126,2079,0,1
92126,2209,1,1
92126,1995,1,1
92126,2465,0,1
92126,2580,1,1
92126,2450,1,1
92126,2549,1,1
92126,2295,1,1
92126,2079,0,1
92126,2209,1,1
92126,1995,1,1
92126,2465,0,1
92126,2580,1,1
92126,2450,1,1
92126,2549,1,1
92126,2295,1,1
92126,2079,0,1
92126,2209,1,1
92126,1995,1,1
92126,2465,0,1
92126,2580,1,1
92126,2450,1,1
92126,2549,1,1
92126,2295,1,1
92126,2079,0,1
92126,2209,1,1
92126,1995,1,1
92105,1700,1,0
92105,1450,0,0
92105,1600,1,0
92105,1700,1,0
92105,1450,0,0
92105,1600,1,0
92105,1700,1,0
92105,1450,0,0
92105,1600,1,0
92105,1700,1,0
92105,1450,0,0
92105,1600,1,0
92105,1700,1,0
92105,1450,0,0
92105,1600,1,0
92105,1700,1,0
92105,1450,0,0
92105,1600,1,0
92105,1700,1,0
92105,1450,0,0
92105,1600,1,0
92105,1700,1,0
92105,1450,0,0
92105,1600,1,0
92105,1700,1,0
92105,1450,0,0
92105,1600,1,0
92114,1995,1,0
92114,1995,1,0
92114,1995,1,0
92114,1995,1,0
92114,1995,1,0
92114,1995,1,0
92114,1995,1,0
92114,1995,1,0
92114,1995,1,0
92115,2260,1,1
92115,2180,1,1
92115,2120,1,1
92115,2200,2,1
92115,1950,1,1
92115,2260,1,1
92115,2180,1,1
92115,2120,1,1
92115,2200,2,1
92115,1950,1,1
92115,2260,1,1
92115,2180,1,1
92115,2120,1,1
92115,2200,2,1
92115,1950,1,1
92115,2260,1,1
92115,2180,1,1
92115,2120,1,1
92115,2200,2,1
92115,1950,1,1
92115,2260,1,1
92115,2180,1,1
92115,2120,1,1
92115,2200,2,1
92115,1950,1,1
92115,2260,1,1
92115,2180,1,1
92115,2120,1,1
92115,2200,2,1
92115,1950,1,1
92115,2260,1,1
92115,2180,1,1
92115,2120,1,1
92115,2200,2,1
92115,1950,1,1
92115,2260,1,1
92115,2180,1,1
92115,2120,1,1
92115,2200,2,1
92115,1950,1,1
92115,2260,1,1
92115,2180,1,1
92115,2120,1,1
92115,2200,2,1
92115,1950,1,1
92071,2885,2,0
92071,1895,1,0
92071,1900,1,0
92071,2195,2,0
92071,2301,1,0
92071,2785,1,0
92071,2885,2,0
92071,1895,1,0
92071,1900,1,0
92071,2195,2,0
92071,2301,1,0
92071,2785,1,0
92071,2885,2,0
92071,1895,1,0
92071,1900,1,0
92071,2195,2,0
92071,2301,1,0
92071,2785,1,0
92071,2885,2,0
92071,1895,1,0
92071,1900,1,0
92071,2195,2,0
92071,2301,1,0
92071,2785,1,0
92071,2885,2,0
92071,1895,1,0
92071,1900,1,0
92071,2195,2,0
92071,2301,1,0
92071,2785,1,0
92071,2885,2,0
92071,1895,1,0
92071,1900,1,0
92071,2195,2,0
92071,2301,1,0
92071,2785,1,0
92071,2885,2,0
92071,1895,1,0
92071,1900,1,0
92071,2195,2,0
92071,2301,1,0
92071,2785,1,0
92071,2885,2,0
92071,1895,1,0
92071,1900,1,0
92071,2195,2,0
92071,2301,1,0
92071,2785,1,0
92071,2885,2,0
92071,1895,1,0
92071,1900,1,0
92071,2195,2,0
92071,2301,1,0
92071,2785,1,0
92027,1980,1,0
92027,1850,1,0
92027,1980,1,0
92027,1850,1,0
92027,1980,1,0
92027,1850,1,0
92027,1980,1,0
92027,1850,1,0
92027,1980,1,0
92027,1850,1,0
92027,1980,1,0
92027,1850,1,0
92027,1980,1,0
92027,1850,1,0
92027,1980,1,0
92027,1850,1,0
92027,1980,1,0
92027,1850,1,0
92130,3368,1,0
92130,2687,1,0
92130,2750,1,0
92130,2814,1,0
92130,3693,1,0
92130,3751,2,0
92130,3607,2,0
92130,3582,1,0
92130,4398,2,0
92130,3368,1,0
92130,2687,1,0
92130,2750,1,0
92130,2814,1,0
92130,3693,1,0
92130,3751,2,0
92130,3607,2,0
92130,3582,1,0
92130,4398,2,0
92130,3368,1,0
92130,2687,1,0
92130,2750,1,0
92130,2814,1,0
92130,3693,1,0
92130,3751,2,0
92130,3607,2,0
92130,3582,1,0
92130,4398,2,0
92130,3368,1,0
92130,2687,1,0
92130,2750,1,0
92130,2814,1,0
92130,3693,1,0
92130,3751,2,0
92130,3607,2,0
92130,3582,1,0
92130,4398,2,0
92130,3368,1,0
92130,2687,1,0
92130,2750,1,0
92130,2814,1,0
92130,3693,1,0
92130,3751,2,0
92130,3607,2,0
92130,3582,1,0
92130,4398,2,0
92130,3368,1,0
92130,2687,1,0
92130,2750,1,0
92130,2814,1,0
92130,3693,1,0
92130,3751,2,0
92130,3607,2,0
92130,3582,1,0
92130,4398,2,0
92130,3368,1,0
92130,2687,1,0
92130,2750,1,0
92130,2814,1,0
92130,3693,1,0
92130,3751,2,0
92130,3607,2,0
92130,3582,1,0
92130,4398,2,0
92130,3368,1,0
92130,2687,1,0
92130,2750,1,0
92130,2814,1,0
92130,3693,1,0
92130,3751,2,0
92130,3607,2,0
92130,3582,1,0
92130,4398,2,0
92130,3368,1,0
92130,2687,1,0
92130,2750,1,0
92130,2814,1,0
92130,3693,1,0
92130,3751,2,0
92130,3607,2,0
92130,3582,1,0
92130,4398,2,0
92129,2629,0,0
92129,3111,2,0
92129,2649,1,0
92129,2425,1,0
92129,2629,0,0
92129,3111,2,0
92129,2649,1,0
92129,2425,1,0
92129,2629,0,0
92129,3111,2,0
92129,2649,1,0
92129,2425,1,0
92129,2629,0,0
92129,3111,2,0
92129,2649,1,0
92129,2425,1,0
92129,2629,0,0
92129,3111,2,0
92129,2649,1,0
92129,2425,1,0
92129,2629,0,0
92129,3111,2,0
92129,2649,1,0
92129,2425,1,0
92129,2629,0,0
92129,3111,2,0
92129,2649,1,0
92129,2425,1,0
92129,2629,0,0
92129,3111,2,0
92129,2649,1,0
92129,2425,1,0
92129,2629,0,0
92129,3111,2,0
92129,2649,1,0
92129,2425,1,0
92117,2485,1,0
92117,1745,0,0
92117,2426,1,0
92117,1980,0,0
92117,1973,1,0
92117,2485,1,0
92117,1745,0,0
92117,2426,1,0
92117,1980,0,0
92117,1973,1,0
92117,2485,1,0
92117,1745,0,0
92117,2426,1,0
92117,1980,0,0
92117,1973,1,0
92117,2485,1,0
92117,1745,0,0
92117,2426,1,0
92117,1980,0,0
92117,1973,1,0
92117,2485,1,0
92117,1745,0,0
92117,2426,1,0
92117,1980,0,0
92117,1973,1,0
92117,2485,1,0
92117,1745,0,0
92117,2426,1,0
92117,1980,0,0
92117,1973,1,0
92117,2485,1,0
92117,1745,0,0
92117,2426,1,0
92117,1980,0,0
92117,1973,1,0
92117,2485,1,0
92117,1745,0,0
92117,2426,1,0
92117,1980,0,0
92117,1973,1,0
92117,2485,1,0
92117,1745,0,0
92117,2426,1,0
92117,1980,0,0
92117,1973,1,0
92113,1750,1,0
92113,1750,1,0
92113,1750,1,0
92113,1750,1,0
92113,1750,1,0
92113,1750,1,0
92113,1750,1,0
92113,1750,1,0
92113,1750,1,0
92025,2445,1,1
92025,2595,2,1
92025,1775,0,1
92025,1825,1,1
92025,2495,2,1
92025,1895,0,1
92025,2445,1,1
92025,2595,2,1
92025,1775,0,1
92025,1825,1,1
92025,2495,2,1
92025,1895,0,1
92025,2445,1,1
92025,2595,2,1
92025,1775,0,1
92025,1825,1,1
92025,2495,2,1
92025,1895,0,1
92025,2445,1,1
92025,2595,2,1
92025,1775,0,1
92025,1825,1,1
92025,2495,2,1
92025,1895,0,1
92025,2445,1,1
92025,2595,2,1
92025,1775,0,1
92025,1825,1,1
92025,2495,2,1
92025,1895,0,1
92025,2445,1,1
92025,2595,2,1
92025,1775,0,1
92025,1825,1,1
92025,2495,2,1
92025,1895,0,1
92025,2445,1,1
92025,2595,2,1
92025,1775,0,1
92025,1825,1,1
92025,2495,2,1
92025,1895,0,1
92025,2445,1,1
92025,2595,2,1
92025,1775,0,1
92025,1825,1,1
92025,2495,2,1
92025,1895,0,1
92025,2445,1,1
92025,2595,2,1
92025,1775,0,1
92025,1825,1,1
92025,2495,2,1
92025,1895,0,1
92111,2160,1,1
92111,3145,2,1
92111,2250,1,1
92111,2320,1,1
92111,2350,1,1
92111,2160,1,1
92111,3145,2,1
92111,2250,1,1
92111,2320,1,1
92111,2350,1,1
92111,2160,1,1
92111,3145,2,1
92111,2250,1,1
92111,2320,1,1
92111,2350,1,1
92111,2160,1,1
92111,3145,2,1
92111,2250,1,1
92111,2320,1,1
92111,2350,1,1
92111,2160,1,1
92111,3145,2,1
92111,2250,1,1
92111,2320,1,1
92111,2350,1,1
92111,2160,1,1
92111,3145,2,1
92111,2250,1,1
92111,2320,1,1
92111,2350,1,1
92111,2160,1,1
92111,3145,2,1
92111,2250,1,1
92111,2320,1,1
92111,2350,1,1
92111,2160,1,1
92111,3145,2,1
92111,2250,1,1
92111,2320,1,1
92111,2350,1,1
92111,2160,1,1
92111,3145,2,1
92111,2250,1,1
92111,2320,1,1
92111,2350,1,1
92127,2951,2,0
92127,2621,1,0
92127,2500,2,0
92127,2951,2,0
92127,2621,1,0
92127,2500,2,0
92127,2951,2,0
92127,2621,1,0
92127,2500,2,0
92127,2951,2,0
92127,2621,1,0
92127,2500,2,0
92127,2951,2,0
92127,2621,1,0
92127,2500,2,0
92127,2951,2,0
92127,2621,1,0
92127,2500,2,0
92127,2951,2,0
92127,2621,1,0
92127,2500,2,0
92127,2951,2,0
92127,2621,1,0
92127,2500,2,0
92127,2951,2,0
92127,2621,1,0
92127,2500,2,0
92128,3520,2,0
92128,3515,2,0
92128,2486,1,0
92128,2679,1,0
92128,2678,1,0
92128,2390,1,0
92128,2689,1,0
92128,2512,1,0
92128,2489,1,0
92128,3520,2,0
92128,3515,2,0
92128,2486,1,0
92128,2679,1,0
92128,2678,1,0
92128,2390,1,0
92128,2689,1,0
92128,2512,1,0
92128,2489,1,0
92128,3520,2,0
92128,3515,2,0
92128,2486,1,0
92128,2679,1,0
92128,2678,1,0
92128,2390,1,0
92128,2689,1,0
92128,2512,1,0
92128,2489,1,0
92128,3520,2,0
92128,3515,2,0
92128,2486,1,0
92128,2679,1,0
92128,2678,1,0
92128,2390,1,0
92128,2689,1,0
92128,2512,1,0
92128,2489,1,0
92128,3520,2,0
92128,3515,2,0
92128,2486,1,0
92128,2679,1,0
92128,2678,1,0
92128,2390,1,0
92128,2689,1,0
92128,2512,1,0
92128,2489,1,0
92128,3520,2,0
92128,3515,2,0
92128,2486,1,0
92128,2679,1,0
92128,2678,1,0
92128,2390,1,0
92128,2689,1,0
92128,2512,1,0
92128,2489,1,0
92128,3520,2,0
92128,3515,2,0
92128,2486,1,0
92128,2679,1,0
92128,2678,1,0
92128,2390,1,0
92128,2689,1,0
92128,2512,1,0
92128,2489,1,0
92128,3520,2,0
92128,3515,2,0
92128,2486,1,0
92128,2679,1,0
92128,2678,1,0
92128,2390,1,0
92128,2689,1,0
92128,2512,1,0
92128,2489,1,0
92128,3520,2,0
92128,3515,2,0
92128,2486,1,0
92128,2679,1,0
92128,2678,1,0
92128,2390,1,0
92128,2689,1,0
92128,2512,1,0
92128,2489,1,0
92104,2805,0,0
92104,2300,0,0
92104,3000,1,0
92104,1950,0,0
92104,1925,0,0
92104,2800,1,0
92104,2870,1,0
92104,2798,0,0
92104,2805,0,0
92104,2300,0,0
92104,3000,1,0
92104,1950,0,0
92104,1925,0,0
92104,2800,1,0
92104,2870,1,0
92104,2798,0,0
92104,2805,0,0
92104,2300,0,0
92104,3000,1,0
92104,1950,0,0
92104,1925,0,0
92104,2800,1,0
92104,2870,1,0
92104,2798,0,0
92104,2805,0,0
92104,2300,0,0
92104,3000,1,0
92104,1950,0,0
92104,1925,0,0
92104,2800,1,0
92104,2870,1,0
92104,2798,0,0
92104,2805,0,0
92104,2300,0,0
92104,3000,1,0
92104,1950,0,0
92104,1925,0,0
92104,2800,1,0
92104,2870,1,0
92104,2798,0,0
92104,2805,0,0
92104,2300,0,0
92104,3000,1,0
92104,1950,0,0
92104,1925,0,0
92104,2800,1,0
92104,2870,1,0
92104,2798,0,0
92104,2805,0,0
92104,2300,0,0
92104,3000,1,0
92104,1950,0,0
92104,1925,0,0
92104,2800,1,0
92104,2870,1,0
92104,2798,0,0
92104,2805,0,0
92104,2300,0,0
92104,3000,1,0
92104,1950,0,0
92104,1925,0,0
92104,2800,1,0
92104,2870,1,0
92104,2798,0,0
92104,2805,0,0
92104,2300,0,0
92104,3000,1,0
92104,1950,0,0
92104,1925,0,0
92104,2800,1,0
92104,2870,1,0
92104,2798,0,0
92122,3198,2,0
92122,2696,1,0
92122,2440,0,0
92122,3119,1,0
92122,2309,0,0
92122,2798,1,0
92122,2660,1,0
92122,2389,1,0
92122,3198,2,0
92122,2696,1,0
92122,2440,0,0
92122,3119,1,0
92122,2309,0,0
92122,2798,1,0
92122,2660,1,0
92122,2389,1,0
92122,3198,2,0
92122,2696,1,0
92122,2440,0,0
92122,3119,1,0
92122,2309,0,0
92122,2798,1,0
92122,2660,1,0
92122,2389,1,0
92122,3198,2,0
92122,2696,1,0
92122,2440,0,0
92122,3119,1,0
92122,2309,0,0
92122,2798,1,0
92122,2660,1,0
92122,2389,1,0
92122,3198,2,0
92122,2696,1,0
92122,2440,0,0
92122,3119,1,0
92122,2309,0,0
92122,2798,1,0
92122,2660,1,0
92122,2389,1,0
92122,3198,2,0
92122,2696,1,0
92122,2440,0,0
92122,3119,1,0
92122,2309,0,0
92122,2798,1,0
92122,2660,1,0
92122,2389,1,0
92122,3198,2,0
92122,2696,1,0
92122,2440,0,0
92122,3119,1,0
92122,2309,0,0
92122,2798,1,0
92122,2660,1,0
92122,2389,1,0
92122,3198,2,0
92122,2696,1,0
92122,2440,0,0
92122,3119,1,0
92122,2309,0,0
92122,2798,1,0
92122,2660,1,0
92122,2389,1,0
92122,3198,2,0
92122,2696,1,0
92122,2440,0,0
92122,3119,1,0
92122,2309,0,0
92122,2798,1,0
92122,2660,1,0
92122,2389,1,0
92109,2495,1,0
92109,2950,1,0
92109,2195,1,0
92109,2146,0,0
92109,2910,1,0
92109,3250,2,0
92109,2495,1,0
92109,2950,1,0
92109,2195,1,0
92109,2146,0,0
92109,2910,1,0
92109,3250,2,0
92109,2495,1,0
92109,2950,1,0
92109,2195,1,0
92109,2146,0,0
92109,2910,1,0
92109,3250,2,0
92109,2495,1,0
92109,2950,1,0
92109,2195,1,0
92109,2146,0,0
92109,2910,1,0
92109,3250,2,0
92109,2495,1,0
92109,2950,1,0
92109,2195,1,0
92109,2146,0,0
92109,2910,1,0
92109,3250,2,0
92109,2495,1,0
92109,2950,1,0
92109,2195,1,0
92109,2146,0,0
92109,2910,1,0
92109,3250,2,0
92109,2495,1,0
92109,2950,1,0
92109,2195,1,0
92109,2146,0,0
92109,2910,1,0
92109,3250,2,0
92109,2495,1,0
92109,2950,1,0
92109,2195,1,0
92109,2146,0,0
92109,2910,1,0
92109,3250,2,0
92109,2495,1,0
92109,2950,1,0
92109,2195,1,0
92109,2146,0,0
92109,2910,1,0
92109,3250,2,0
92101,2695,1,1
92101,2350,1,1
92101,2982,1,1
92101,2995,0,1
92101,2769,1,1
92101,3315,0,1
92101,2525,1,1
92101,2999,0,1
92101,2350,0,1
92101,2695,1,1
92101,2350,1,1
92101,2982,1,1
92101,2995,0,1
92101,2769,1,1
92101,3315,0,1
92101,2525,1,1
92101,2999,0,1
92101,2350,0,1
92101,2695,1,1
92101,2350,1,1
92101,2982,1,1
92101,2995,0,1
92101,2769,1,1
92101,3315,0,1
92101,2525,1,1
92101,2999,0,1
92101,2350,0,1
92101,2695,1,1
92101,2350,1,1
92101,2982,1,1
92101,2995,0,1
92101,2769,1,1
92101,3315,0,1
92101,2525,1,1
92101,2999,0,1
92101,2350,0,1
92101,2695,1,1
92101,2350,1,1
92101,2982,1,1
92101,2995,0,1
92101,2769,1,1
92101,3315,0,1
92101,2525,1,1
92101,2999,0,1
92101,2350,0,1
92101,2695,1,1
92101,2350,1,1
92101,2982,1,1
92101,2995,0,1
92101,2769,1,1
92101,3315,0,1
92101,2525,1,1
92101,2999,0,1
92101,2350,0,1
92101,2695,1,1
92101,2350,1,1
92101,2982,1,1
92101,2995,0,1
92101,2769,1,1
92101,3315,0,1
92101,2525,1,1
92101,2999,0,1
92101,2350,0,1
92101,2695,1,1
92101,2350,1,1
92101,2982,1,1
92101,2995,0,1
92101,2769,1,1
92101,3315,0,1
92101,2525,1,1
92101,2999,0,1
92101,2350,0,1
92101,2695,1,1
92101,2350,1,1
92101,2982,1,1
92101,2995,0,1
92101,2769,1,1
92101,3315,0,1
92101,2525,1,1
92101,2999,0,1
92101,2350,0,1
92102,2195,2,0
92102,3000,1,0
92102,2195,2,0
92102,3000,1,0
92102,2195,2,0
92102,3000,1,0
92102,2195,2,0
92102,3000,1,0
92102,2195,2,0
92102,3000,1,0
92102,2195,2,0
92102,3000,1,0
92102,2195,2,0
92102,3000,1,0
92102,2195,2,0
92102,3000,1,0
92102,2195,2,0
92102,3000,1,0
92037,2995,1,1
92037,2959,2,1
92037,3350,0,1
92037,2370,1,1
92037,4649,1,1
92037,5200,2,1
92037,2995,1,1
92037,2959,2,1
92037,3350,0,1
92037,2370,1,1
92037,4649,1,1
92037,5200,2,1
92037,2995,1,1
92037,2959,2,1
92037,3350,0,1
92037,2370,1,1
92037,4649,1,1
92037,5200,2,1
92037,2995,1,1
92037,2959,2,1
92037,3350,0,1
92037,2370,1,1
92037,4649,1,1
92037,5200,2,1
92037,2995,1,1
92037,2959,2,1
92037,3350,0,1
92037,2370,1,1
92037,4649,1,1
92037,5200,2,1
92037,2995,1,1
92037,2959,2,1
92037,3350,0,1
92037,2370,1,1
92037,4649,1,1
92037,5200,2,1
92037,2995,1,1
92037,2959,2,1
92037,3350,0,1
92037,2370,1,1
92037,4649,1,1
92037,5200,2,1
92037,2995,1,1
92037,2959,2,1
92037,3350,0,1
92037,2370,1,1
92037,4649,1,1
92037,5200,2,1
92037,2995,1,1
92037,2959,2,1
92037,3350,0,1
92037,2370,1,1
92037,4649,1,1
92037,5200,2,1
92131,3075,1,1
92131,2726,1,1
92131,2949,1,1
92131,2550,1,1
92131,2745,1,1
92131,3400,3,1
92131,2999,2,1
92131,3075,1,1
92131,2726,1,1
92131,2949,1,1
92131,2550,1,1
92131,2745,1,1
92131,3400,3,1
92131,2999,2,1
92131,3075,1,1
92131,2726,1,1
92131,2949,1,1
92131,2550,1,1
92131,2745,1,1
92131,3400,3,1
92131,2999,2,1
92131,3075,1,1
92131,2726,1,1
92131,2949,1,1
92131,2550,1,1
92131,2745,1,1
92131,3400,3,1
92131,2999,2,1
92131,3075,1,1
92131,2726,1,1
92131,2949,1,1
92131,2550,1,1
92131,2745,1,1
92131,3400,3,1
92131,2999,2,1
92131,3075,1,1
92131,2726,1,1
92131,2949,1,1
92131,2550,1,1
92131,2745,1,1
92131,3400,3,1
92131,2999,2,1
92131,3075,1,1
92131,2726,1,1
92131,2949,1,1
92131,2550,1,1
92131,2745,1,1
92131,3400,3,1
92131,2999,2,1
92131,3075,1,1
92131,2726,1,1
92131,2949,1,1
92131,2550,1,1
92131,2745,1,1
92131,3400,3,1
92131,2999,2,1
92131,3075,1,1
92131,2726,1,1
92131,2949,1,1
92131,2550,1,1
92131,2745,1,1
92131,3400,3,1
92131,2999,2,1
92123,2702,1,1
92123,2805,1,1
92123,2495,1,1
92123,2421,0,1
92123,2505,1,1
92123,2550,2,1
92123,2385,1,1
92123,1855,1,1
92123,2310,1,1
92123,2702,1,1
92123,2805,1,1
92123,2495,1,1
92123,2421,0,1
92123,2505,1,1
92123,2550,2,1
92123,2385,1,1
92123,1855,1,1
92123,2310,1,1
92123,2702,1,1
92123,2805,1,1
92123,2495,1,1
92123,2421,0,1
92123,2505,1,1
92123,2550,2,1
92123,2385,1,1
92123,1855,1,1
92123,2310,1,1
92123,2702,1,1
92123,2805,1,1
92123,2495,1,1
92123,2421,0,1
92123,2505,1,1
92123,2550,2,1
92123,2385,1,1
92123,1855,1,1
92123,2310,1,1
92123,2702,1,1
92123,2805,1,1
92123,2495,1,1
92123,2421,0,1
92123,2505,1,1
92123,2550,2,1
92123,2385,1,1
92123,1855,1,1
92123,2310,1,1
92123,2702,1,1
92123,2805,1,1
92123,2495,1,1
92123,2421,0,1
92123,2505,1,1
92123,2550,2,1
92123,2385,1,1
92123,1855,1,1
92123,2310,1,1
92123,2702,1,1
92123,2805,1,1
92123,2495,1,1
92123,2421,0,1
92123,2505,1,1
92123,2550,2,1
92123,2385,1,1
92123,1855,1,1
92123,2310,1,1
92123,2702,1,1
92123,2805,1,1
92123,2495,1,1
92123,2421,0,1
92123,2505,1,1
92123,2550,2,1
92123,2385,1,1
92123,1855,1,1
92123,2310,1,1
92123,2702,1,1
92123,2805,1,1
92123,2495,1,1
92123,2421,0,1
92123,2505,1,1
92123,2550,2,1
92123,2385,1,1
92123,1855,1,1
92123,2310,1,1
92103,2515,1,0
92103,2495,1,0
92103,2095,0,0
92103,2495,0,0
92103,1995,0,0
92103,3595,0,0
92103,1850,0,0
92103,2515,1,0
92103,2495,1,0
92103,2095,0,0
92103,2495,0,0
92103,1995,0,0
92103,3595,0,0
92103,1850,0,0
92103,2515,1,0
92103,2495,1,0
92103,2095,0,0
92103,2495,0,0
92103,1995,0,0
92103,3595,0,0
92103,1850,0,0
92103,2515,1,0
92103,2495,1,0
92103,2095,0,0
92103,2495,0,0
92103,1995,0,0
92103,3595,0,0
92103,1850,0,0
92103,2515,1,0
92103,2495,1,0
92103,2095,0,0
92103,2495,0,0
92103,1995,0,0
92103,3595,0,0
92103,1850,0,0
92103,2515,1,0
92103,2495,1,0
92103,2095,0,0
92103,2495,0,0
92103,1995,0,0
92103,3595,0,0
92103,1850,0,0
92103,2515,1,0
92103,2495,1,0
92103,2095,0,0
92103,2495,0,0
92103,1995,0,0
92103,3595,0,0
92103,1850,0,0
92103,2515,1,0
92103,2495,1,0
92103,2095,0,0
92103,2495,0,0
92103,1995,0,0
92103,3595,0,0
92103,1850,0,0
92103,2515,1,0
92103,2495,1,0
92103,2095,0,0
92103,2495,0,0
92103,1995,0,0
92103,3595,0,0
92103,1850,0,0
92124,2495,1,0
92124,2450,1,0
92124,2490,1,0
92124,2554,1,0
92124,3295,2,0
92124,2495,1,0
92124,2450,1,0
92124,2490,1,0
92124,2554,1,0
92124,3295,2,0
92124,2495,1,0
92124,2450,1,0
92124,2490,1,0
92124,2554,1,0
92124,3295,2,0
92124,2495,1,0
92124,2450,1,0
92124,2490,1,0
92124,2554,1,0
92124,3295,2,0
92124,2495,1,0
92124,2450,1,0
92124,2490,1,0
92124,2554,1,0
92124,3295,2,0
92124,2495,1,0
92124,2450,1,0
92124,2490,1,0
92124,2554,1,0
92124,3295,2,0
92124,2495,1,0
92124,2450,1,0
92124,2490,1,0
92124,2554,1,0
92124,3295,2,0
92124,2495,1,0
92124,2450,1,0
92124,2490,1,0
92124,2554,1,0
92124,3295,2,0
92124,2495,1,0
92124,2450,1,0
92124,2490,1,0
92124,2554,1,0
92124,3295,2,0
92110,2655,1,1
92110,2375,0,1
92110,2095,0,1
92110,2295,0,1
92110,2375,1,1
92110,2420,1,1
92110,2800,2,1
92110,2615,2,1
92110,2492,1,1
92110,2655,1,1
92110,2375,0,1
92110,2095,0,1
92110,2295,0,1
92110,2375,1,1
92110,2420,1,1
92110,2800,2,1
92110,2615,2,1
92110,2492,1,1
92110,2655,1,1
92110,2375,0,1
92110,2095,0,1
92110,2295,0,1
92110,2375,1,1
92110,2420,1,1
92110,2800,2,1
92110,2615,2,1
92110,2492,1,1
92110,2655,1,1
92110,2375,0,1
92110,2095,0,1
92110,2295,0,1
92110,2375,1,1
92110,2420,1,1
92110,2800,2,1
92110,2615,2,1
92110,2492,1,1
92110,2655,1,1
92110,2375,0,1
92110,2095,0,1
92110,2295,0,1
92110,2375,1,1
92110,2420,1,1
92110,2800,2,1
92110,2615,2,1
92110,2492,1,1
92110,2655,1,1
92110,2375,0,1
92110,2095,0,1
92110,2295,0,1
92110,2375,1,1
92110,2420,1,1
92110,2800,2,1
92110,2615,2,1
92110,2492,1,1
92110,2655,1,1
92110,2375,0,1
92110,2095,0,1
92110,2295,0,1
92110,2375,1,1
92110,2420,1,1
92110,2800,2,1
92110,2615,2,1
92110,2492,1,1
92110,2655,1,1
92110,2375,0,1
92110,2095,0,1
92110,2295,0,1
92110,2375,1,1
92110,2420,1,1
92110,2800,2,1
92110,2615,2,1
92110,2492,1,1
92110,2655,1,1
92110,2375,0,1
92110,2095,0,1
92110,2295,0,1
92110,2375,1,1
92110,2420,1,1
92110,2800,2,1
92110,2615,2,1
92110,2492,1,1
92107,3995,1,0
92107,2695,1,0
92107,2052,0,0
92107,2195,0,0
92107,2189,1,0
92107,3995,1,0
92107,2695,1,0
92107,2052,0,0
92107,2195,0,0
92107,2189,1,0
92107,3995,1,0
92107,2695,1,0
92107,2052,0,0
92107,2195,0,0
92107,2189,1,0
92107,3995,1,0
92107,2695,1,0
92107,2052,0,0
92107,2195,0,0
92107,2189,1,0
92107,3995,1,0
92107,2695,1,0
92107,2052,0,0
92107,2195,0,0
92107,2189,1,0
92107,3995,1,0
92107,2695,1,0
92107,2052,0,0
92107,2195,0,0
92107,2189,1,0
92107,3995,1,0
92107,2695,1,0
92107,2052,0,0
92107,2195,0,0
92107,2189,1,0
92107,3995,1,0
92107,2695,1,0
92107,2052,0,0
92107,2195,0,0
92107,2189,1,0
92107,3995,1,0
92107,2695,1,0
92107,2052,0,0
92107,2195,0,0
92107,2189,1,0
92116,2910,0,0
92116,2910,0,0
92116,2910,0,0
92116,2910,0,0
92116,2910,0,0
92116,2910,0,0
92116,2910,0,0
92116,2910,0,0
92116,2910,0,0
92173,2125,1,0
92173,2125,1,0
92173,2125,1,0
92173,2125,1,0
92173,2125,1,0
92173,2125,1,0
92173,2125,1,0
92173,2125,1,0
92173,2125,1,0
92120,3775,2,0
92120,2195,1,0
92120,1965,0,0
92120,2500,1,0
92120,2378,0,0
92120,2294,0,0
92120,2799,1,0
92120,3775,2,0
92120,2195,1,0
92120,1965,0,0
92120,2500,1,0
92120,2378,0,0
92120,2294,0,0
92120,2799,1,0
92120,3775,2,0
92120,2195,1,0
92120,1965,0,0
92120,2500,1,0
92120,2378,0,0
92120,2294,0,0
92120,2799,1,0
92120,3775,2,0
92120,2195,1,0
92120,1965,0,0
92120,2500,1,0
92120,2378,0,0
92120,2294,0,0
92120,2799,1,0
92120,3775,2,0
92120,2195,1,0
92120,1965,0,0
92120,2500,1,0
92120,2378,0,0
92120,2294,0,0
92120,2799,1,0
92120,3775,2,0
92120,2195,1,0
92120,1965,0,0
92120,2500,1,0
92120,2378,0,0
92120,2294,0,0
92120,2799,1,0
92120,3775,2,0
92120,2195,1,0
92120,1965,0,0
92120,2500,1,0
92120,2378,0,0
92120,2294,0,0
92120,2799,1,0
92120,3775,2,0
92120,2195,1,0
92120,1965,0,0
92120,2500,1,0
92120,2378,0,0
92120,2294,0,0
92120,2799,1,0
92120,3775,2,0
92120,2195,1,0
92120,1965,0,0
92120,2500,1,0
92120,2378,0,0
92120,2294,0,0
92120,2799,1,0
91932,2695,2,0
91932,2495,1,0
91932,2695,2,0
91932,2495,1,0
91932,2695,2,0
91932,2495,1,0
91932,2695,2,0
91932,2495,1,0
91932,2695,2,0
91932,2495,1,0
91932,2695,2,0
91932,2495,1,0
91932,2695,2,0
91932,2495,1,0
91932,2695,2,0
91932,2495,1,0
91932,2695,2,0
91932,2495,1,0
92119,2155,1,0
92119,3026,1,0
92119,1763,0,0
92119,1695,1,0
92119,2100,1,0
92119,2155,1,0
92119,3026,1,0
92119,1763,0,0
92119,1695,1,0
92119,2100,1,0
92119,2155,1,0
92119,3026,1,0
92119,1763,0,0
92119,1695,1,0
92119,2100,1,0
92119,2155,1,0
92119,3026,1,0
92119,1763,0,0
92119,1695,1,0
92119,2100,1,0
92119,2155,1,0
92119,3026,1,0
92119,1763,0,0
92119,1695,1,0
92119,2100,1,0
92119,2155,1,0
92119,3026,1,0
92119,1763,0,0
92119,1695,1,0
92119,2100,1,0
92119,2155,1,0
92119,3026,1,0
92119,1763,0,0
92119,1695,1,0
92119,2100,1,0
92119,2155,1,0
92119,3026,1,0
92119,1763,0,0
92119,1695,1,0
92119,2100,1,0
92119,2155,1,0
92119,3026,1,0
92119,1763,0,0
92119,1695,1,0
92119,2100,1,0
92108,2982,1,1
92108,3020,1,1
92108,3195,2,1
92108,2926,1,1
92108,2625,1,1
92108,2691,1,1
92108,2682,1,1
92108,2505,1,1
92108,2982,1,1
92108,3020,1,1
92108,3195,2,1
92108,2926,1,1
92108,2625,1,1
92108,2691,1,1
92108,2682,1,1
92108,2505,1,1
92108,2982,1,1
92108,3020,1,1
92108,3195,2,1
92108,2926,1,1
92108,2625,1,1
92108,2691,1,1
92108,2682,1,1
92108,2505,1,1
92108,2982,1,1
92108,3020,1,1
92108,3195,2,1
92108,2926,1,1
92108,2625,1,1
92108,2691,1,1
92108,2682,1,1
92108,2505,1,1
92108,2982,1,1
92108,3020,1,1
92108,3195,2,1
92108,2926,1,1
92108,2625,1,1
92108,2691,1,1
92108,2682,1,1
92108,2505,1,1
92108,2982,1,1
92108,3020,1,1
92108,3195,2,1
92108,2926,1,1
92108,2625,1,1
92108,2691,1,1
92108,2682,1,1
92108,2505,1,1
92108,2982,1,1
92108,3020,1,1
92108,3195,2,1
92108,2926,1,1
92108,2625,1,1
92108,2691,1,1
92108,2682,1,1
92108,2505,1,1
92108,2982,1,1
92108,3020,1,1
92108,3195,2,1
92108,2926,1,1
92108,2625,1,1
92108,2691,1,1
92108,2682,1,1
92108,2505,1,1
92108,2982,1,1
92108,3020,1,1
92108,3195,2,1
92108,2926,1,1
92108,2625,1,1
92108,2691,1,1
92108,2682,1,1
92108,2505,1,1
92106,3495,2,1
92106,2505,1,1
92106,2215,1,1
92106,3495,2,1
92106,2505,1,1
92106,2215,1,1
92106,3495,2,1
92106,2505,1,1
92106,2215,1,1
92106,3495,2,1
92106,2505,1,1
92106,2215,1,1
92106,3495,2,1
92106,2505,1,1
92106,2215,1,1
92106,3495,2,1
92106,2505,1,1
92106,2215,1,1
92106,3495,2,1
92106,2505,1,1
92106,2215,1,1
92106,3495,2,1
92106,2505,1,1
92106,2215,1,1
92106,3495,2,1
92106,2505,1,1
92106,2215,1,1
92118,2447,0,0
92118,4800,2,0
92118,5500,1,0
92118,4495,1,0
92118,6500,1,0
92118,2447,0,0
92118,4800,2,0
92118,5500,1,0
92118,4495,1,0
92118,6500,1,0
92118,2447,0,0
92118,4800,2,0
92118,5500,1,0
92118,4495,1,0
92118,6500,1,0
92118,2447,0,0
92118,4800,2,0
92118,5500,1,0
92118,4495,1,0
92118,6500,1,0
92118,2447,0,0
92118,4800,2,0
92118,5500,1,0
92118,4495,1,0
92118,6500,1,0
92118,2447,0,0
92118,4800,2,0
92118,5500,1,0
92118,4495,1,0
92118,6500,1,0
92118,2447,0,0
92118,4800,2,0
92118,5500,1,0
92118,4495,1,0
92118,6500,1,0
92118,2447,0,0
92118,4800,2,0
92118,5500,1,0
92118,4495,1,0
92118,6500,1,0
92118,2447,0,0
92118,4800,2,0
92118,5500,1,0
92118,4495,1,0
92118,6500,1,0
92014,3725,2,0
92014,3708,1,0
92014,2700,1,0
92014,3300,1,0
92014,3725,2,0
92014,3708,1,0
92014,2700,1,0
92014,3300,1,0
92014,3725,2,0
92014,3708,1,0
92014,2700,1,0
92014,3300,1,0
92014,3725,2,0
92014,3708,1,0
92014,2700,1,0
92014,3300,1,0
92014,3725,2,0
92014,3708,1,0
92014,2700,1,0
92014,3300,1,0
92014,3725,2,0
92014,3708,1,0
92014,2700,1,0
92014,3300,1,0
92014,3725,2,0
92014,3708,1,0
92014,2700,1,0
92014,3300,1,0
92014,3725,2,0
92014,3708,1,0
92014,2700,1,0
92014,3300,1,0
92014,3725,2,0
92014,3708,1,0
92014,2700,1,0
92014,3300,1,0
92121,2290,1,0
92121,3799,2,0
92121,3490,3,0
92121,2290,1,0
92121,3799,2,0
92121,3490,3,0
92121,2290,1,0
92121,3799,2,0
92121,3490,3,0
92121,2290,1,0
92121,3799,2,0
92121,3490,3,0
92121,2290,1,0
92121,3799,2,0
92121,3490,3,0
92121,2290,1,0
92121,3799,2,0
92121,3490,3,0
92121,2290,1,0
92121,3799,2,0
92121,3490,3,0
92121,2290,1,0
92121,3799,2,0
92121,3490,3,0
92121,2290,1,0
92121,3799,2,0
92121,3490,3,0
92136,1730,0,0
92136,2395,1,0
92136,1750,1,0
92136,1730,0,0
92136,2395,1,0
92136,1750,1,0
92136,1730,0,0
92136,2395,1,0
92136,1750,1,0
92136,1730,0,0
92136,2395,1,0
92136,1750,1,0
92136,1730,0,0
92136,2395,1,0
92136,1750,1,0
92136,1730,0,0
92136,2395,1,0
92136,1750,1,0
92136,1730,0,0
92136,2395,1,0
92136,1750,1,0
92136,1730,0,0
92136,2395,1,0
92136,1750,1,0
92140,3495,2,0
92140,2375,0,0
92140,2095,0,0
92140,2375,1,0
92140,2420,1,0
92140,2800,2,0
92140,2505,1,0
92140,2615,2,0
92140,3495,2,0
92140,2375,0,0
92140,2095,0,0
92140,2375,1,0
92140,2420,1,0
92140,2800,2,0
92140,2505,1,0
92140,2615,2,0
92140,3495,2,0
92140,2375,0,0
92140,2095,0,0
92140,2375,1,0
92140,2420,1,0
92140,2800,2,0
92140,2505,1,0
92140,2615,2,0
92140,3495,2,0
92140,2375,0,0
92140,2095,0,0
92140,2375,1,0
92140,2420,1,0
92140,2800,2,0
92140,2505,1,0
92140,2615,2,0
92140,3495,2,0
92140,2375,0,0
92140,2095,0,0
92140,2375,1,0
92140,2420,1,0
92140,2800,2,0
92140,2505,1,0
92140,2615,2,0
92140,3495,2,0
92140,2375,0,0
92140,2095,0,0
92140,2375,1,0
92140,2420,1,0
92140,2800,2,0
92140,2505,1,0
92140,2615,2,0
92140,3495,2,0
92140,2375,0,0
92140,2095,0,0
92140,2375,1,0
92140,2420,1,0
92140,2800,2,0
92140,2505,1,0
92140,2615,2,0
92140,3495,2,0
92140,2375,0,0
92140,2095,0,0
92140,2375,1,0
92140,2420,1,0
92140,2800,2,0
92140,2505,1,0
92140,2615,2,0
92135,5500,1,0
92135,4495,1,0
92135,4800,1,0
92135,5500,1,0
92135,4495,1,0
92135,4800,1,0
92135,5500,1,0
92135,4495,1,0
92135,4800,1,0
92135,5500,1,0
92135,4495,1,0
92135,4800,1,0
92135,5500,1,0
92135,4495,1,0
92135,4800,1,0
92135,5500,1,0
92135,4495,1,0
92135,4800,1,0
92135,5500,1,0
92135,4495,1,0
92135,4800,1,0
92135,5500,1,0
92135,4495,1,0
92135,4800,1,0
92182,2260,1,0
92182,3775,2,0
92182,2180,1,0
92182,2120,1,0
92182,1965,0,0
92182,2200,2,0
92182,2260,1,0
92182,3775,2,0
92182,2180,1,0
92182,2120,1,0
92182,1965,0,0
92182,2200,2,0
92182,2260,1,0
92182,3775,2,0
92182,2180,1,0
92182,2120,1,0
92182,1965,0,0
92182,2200,2,0
92182,2260,1,0
92182,3775,2,0
92182,2180,1,0
92182,2120,1,0
92182,1965,0,0
92182,2200,2,0
92182,2260,1,0
92182,3775,2,0
92182,2180,1,0
92182,2120,1,0
92182,1965,0,0
92182,2200,2,0
92182,2260,1,0
92182,3775,2,0
92182,2180,1,0
92182,2120,1,0
92182,1965,0,0
92182,2200,2,0
92182,2260,1,0
92182,3775,2,0
92182,2180,1,0
92182,2120,1,0
92182,1965,0,0
92182,2200,2,0
92182,2260,1,0
92182,3775,2,0
92182,2180,1,0
92182,2120,1,0
92182,1965,0,0
92182,2200,2,0
92132,2695,1,0
92132,2350,1,0
92132,2982,1,0
92132,2995,0,0
92132,2769,1,0
92132,3315,0,0
92132,2999,0,0
92132,2350,0,0
92132,2695,1,0
92132,2350,1,0
92132,2982,1,0
92132,2995,0,0
92132,2769,1,0
92132,3315,0,0
92132,2999,0,0
92132,2350,0,0
92132,2695,1,0
92132,2350,1,0
92132,2982,1,0
92132,2995,0,0
92132,2769,1,0
92132,3315,0,0
92132,2999,0,0
92132,2350,0,0
92132,2695,1,0
92132,2350,1,0
92132,2982,1,0
92132,2995,0,0
92132,2769,1,0
92132,3315,0,0
92132,2999,0,0
92132,2350,0,0
92132,2695,1,0
92132,2350,1,0
92132,2982,1,0
92132,2995,0,0
92132,2769,1,0
92132,3315,0,0
92132,2999,0,0
92132,2350,0,0
92132,2695,1,0
92132,2350,1,0
92132,2982,1,0
92132,2995,0,0
92132,2769,1,0
92132,3315,0,0
92132,2999,0,0
92132,2350,0,0
92132,2695,1,0
92132,2350,1,0
92132,2982,1,0
92132,2995,0,0
92132,2769,1,0
92132,3315,0,0
92132,2999,0,0
92132,2350,0,0
92132,2695,1,0
92132,2350,1,0
92132,2982,1,0
92132,2995,0,0
92132,2769,1,0
92132,3315,0,0
92132,2999,0,0
92132,2350,0,0
92147,2995,1,0
92147,2995,1,0
92147,2995,1,0
92147,2995,1,0
92147,2995,1,0
92147,2995,1,0
92147,2995,1,0
92147,2995,1,0
92134,2695,1,0
92134,2350,1,0
92134,2982,1,0
92134,2995,0,0
92134,2769,1,0
92134,3315,0,0
92134,2525,1,0
92134,2695,1,0
92134,2350,1,0
92134,2982,1,0
92134,2995,0,0
92134,2769,1,0
92134,3315,0,0
92134,2525,1,0
92134,2695,1,0
92134,2350,1,0
92134,2982,1,0
92134,2995,0,0
92134,2769,1,0
92134,3315,0,0
92134,2525,1,0
92134,2695,1,0
92134,2350,1,0
92134,2982,1,0
92134,2995,0,0
92134,2769,1,0
92134,3315,0,0
92134,2525,1,0
92134,2695,1,0
92134,2350,1,0
92134,2982,1,0
92134,2995,0,0
92134,2769,1,0
92134,3315,0,0
92134,2525,1,0
92134,2695,1,0
92134,2350,1,0
92134,2982,1,0
92134,2995,0,0
92134,2769,1,0
92134,3315,0,0
92134,2525,1,0
92134,2695,1,0
92134,2350,1,0
92134,2982,1,0
92134,2995,0,0
92134,2769,1,0
92134,3315,0,0
92134,2525,1,0
92134,2695,1,0
92134,2350,1,0
92134,2982,1,0
92134,2995,0,0
92134,2769,1,0
92134,3315,0,0
92134,2525,1,0
92162,2695,1,0
92162,2350,1,0
92162,2982,1,0
92162,2995,0,0
92162,2769,1,0
92162,2515,1,0
92162,2495,1,0
92162,3315,0,0
92162,2695,1,0
92162,2350,1,0
92162,2982,1,0
92162,2995,0,0
92162,2769,1,0
92162,2515,1,0
92162,2495,1,0
92162,3315,0,0
92162,2695,1,0
92162,2350,1,0
92162,2982,1,0
92162,2995,0,0
92162,2769,1,0
92162,2515,1,0
92162,2495,1,0
92162,3315,0,0
92162,2695,1,0
92162,2350,1,0
92162,2982,1,0
92162,2995,0,0
92162,2769,1,0
92162,2515,1,0
92162,2495,1,0
92162,3315,0,0
92162,2695,1,0
92162,2350,1,0
92162,2982,1,0
92162,2995,0,0
92162,2769,1,0
92162,2515,1,0
92162,2495,1,0
92162,3315,0,0
92162,2695,1,0
92162,2350,1,0
92162,2982,1,0
92162,2995,0,0
92162,2769,1,0
92162,2515,1,0
92162,2495,1,0
92162,3315,0,0
92162,2695,1,0
92162,2350,1,0
92162,2982,1,0
92162,2995,0,0
92162,2769,1,0
92162,2515,1,0
92162,2495,1,0
92162,3315,0,0
92162,2695,1,0
92162,2350,1,0
92162,2982,1,0
92162,2995,0,0
92162,2769,1,0
92162,2515,1,0
92162,2495,1,0
92162,3315,0,0
92162,2695,1,0
92162,2350,1,0
92162,2982,1,0
92162,2995,0,0
92162,2769,1,0
92162,2515,1,0
92162,2495,1,0
92162,3315,0,0
92164,3020,1,0
92164,3195,2,0
92164,2769,1,0
92164,2625,1,0
92164,2515,1,0
92164,2691,1,0
92164,2495,1,0
92164,3315,0,0
92164,2999,0,0
92164,3020,1,0
92164,3195,2,0
92164,2769,1,0
92164,2625,1,0
92164,2515,1,0
92164,2691,1,0
92164,2495,1,0
92164,3315,0,0
92164,2999,0,0
92164,3020,1,0
92164,3195,2,0
92164,2769,1,0
92164,2625,1,0
92164,2515,1,0
92164,2691,1,0
92164,2495,1,0
92164,3315,0,0
92164,2999,0,0
92164,3020,1,0
92164,3195,2,0
92164,2769,1,0
92164,2625,1,0
92164,2515,1,0
92164,2691,1,0
92164,2495,1,0
92164,3315,0,0
92164,2999,0,0
92164,3020,1,0
92164,3195,2,0
92164,2769,1,0
92164,2625,1,0
92164,2515,1,0
92164,2691,1,0
92164,2495,1,0
92164,3315,0,0
92164,2999,0,0
92164,3020,1,0
92164,3195,2,0
92164,2769,1,0
92164,2625,1,0
92164,2515,1,0
92164,2691,1,0
92164,2495,1,0
92164,3315,0,0
92164,2999,0,0
92164,3020,1,0
92164,3195,2,0
92164,2769,1,0
92164,2625,1,0
92164,2515,1,0
92164,2691,1,0
92164,2495,1,0
92164,3315,0,0
92164,2999,0,0
92164,3020,1,0
92164,3195,2,0
92164,2769,1,0
92164,2625,1,0
92164,2515,1,0
92164,2691,1,0
92164,2495,1,0
92164,3315,0,0
92164,2999,0,0
92164,3020,1,0
92164,3195,2,0
92164,2769,1,0
92164,2625,1,0
92164,2515,1,0
92164,2691,1,0
92164,2495,1,0
92164,3315,0,0
92164,2999,0,0
92184,2695,1,0
92184,2350,1,0
92184,2982,1,0
92184,2995,0,0
92184,2769,1,0
92184,2515,1,0
92184,2495,1,0
92184,3315,0,0
92184,2695,1,0
92184,2350,1,0
92184,2982,1,0
92184,2995,0,0
92184,2769,1,0
92184,2515,1,0
92184,2495,1,0
92184,3315,0,0
92184,2695,1,0
92184,2350,1,0
92184,2982,1,0
92184,2995,0,0
92184,2769,1,0
92184,2515,1,0
92184,2495,1,0
92184,3315,0,0
92184,2695,1,0
92184,2350,1,0
92184,2982,1,0
92184,2995,0,0
92184,2769,1,0
92184,2515,1,0
92184,2495,1,0
92184,3315,0,0
92184,2695,1,0
92184,2350,1,0
92184,2982,1,0
92184,2995,0,0
92184,2769,1,0
92184,2515,1,0
92184,2495,1,0
92184,3315,0,0
92184,2695,1,0
92184,2350,1,0
92184,2982,1,0
92184,2995,0,0
92184,2769,1,0
92184,2515,1,0
92184,2495,1,0
92184,3315,0,0
92184,2695,1,0
92184,2350,1,0
92184,2982,1,0
92184,2995,0,0
92184,2769,1,0
92184,2515,1,0
92184,2495,1,0
92184,3315,0,0
92184,2695,1,0
92184,2350,1,0
92184,2982,1,0
92184,2995,0,0
92184,2769,1,0
92184,2515,1,0
92184,2495,1,0
92184,3315,0,0
92184,2695,1,0
92184,2350,1,0
92184,2982,1,0
92184,2995,0,0
92184,2769,1,0
92184,2515,1,0
92184,2495,1,0
92184,3315,0,0
92190,2260,1,0
92190,3775,2,0
92190,2180,1,0
92190,2450,1,0
92190,2120,1,0
92190,2495,1,0
92190,2490,1,0
92190,2505,1,0
92190,2260,1,0
92190,3775,2,0
92190,2180,1,0
92190,2450,1,0
92190,2120,1,0
92190,2495,1,0
92190,2490,1,0
92190,2505,1,0
92190,2260,1,0
92190,3775,2,0
92190,2180,1,0
92190,2450,1,0
92190,2120,1,0
92190,2495,1,0
92190,2490,1,0
92190,2505,1,0
92190,2260,1,0
92190,3775,2,0
92190,2180,1,0
92190,2450,1,0
92190,2120,1,0
92190,2495,1,0
92190,2490,1,0
92190,2505,1,0
92190,2260,1,0
92190,3775,2,0
92190,2180,1,0
92190,2450,1,0
92190,2120,1,0
92190,2495,1,0
92190,2490,1,0
92190,2505,1,0
92190,2260,1,0
92190,3775,2,0
92190,2180,1,0
92190,2450,1,0
92190,2120,1,0
92190,2495,1,0
92190,2490,1,0
92190,2505,1,0
92190,2260,1,0
92190,3775,2,0
92190,2180,1,0
92190,2450,1,0
92190,2120,1,0
92190,2495,1,0
92190,2490,1,0
92190,2505,1,0
92190,2260,1,0
92190,3775,2,0
92190,2180,1,0
92190,2450,1,0
92190,2120,1,0
92190,2495,1,0
92190,2490,1,0
92190,2505,1,0
92190,2260,1,0
92190,3775,2,0
92190,2180,1,0
92190,2450,1,0
92190,2120,1,0
92190,2495,1,0
92190,2490,1,0
92190,2505,1,0
92194,2702,1,0
92194,3020,1,0
92194,3195,2,0
92194,2495,1,0
92194,2926,1,0
92194,2805,1,0
92194,2625,1,0
92194,2495,1,0
92194,2702,1,0
92194,3020,1,0
92194,3195,2,0
92194,2495,1,0
92194,2926,1,0
92194,2805,1,0
92194,2625,1,0
92194,2495,1,0
92194,2702,1,0
92194,3020,1,0
92194,3195,2,0
92194,2495,1,0
92194,2926,1,0
92194,2805,1,0
92194,2625,1,0
92194,2495,1,0
92194,2702,1,0
92194,3020,1,0
92194,3195,2,0
92194,2495,1,0
92194,2926,1,0
92194,2805,1,0
92194,2625,1,0
92194,2495,1,0
92194,2702,1,0
92194,3020,1,0
92194,3195,2,0
92194,2495,1,0
92194,2926,1,0
92194,2805,1,0
92194,2625,1,0
92194,2495,1,0
92194,2702,1,0
92194,3020,1,0
92194,3195,2,0
92194,2495,1,0
92194,2926,1,0
92194,2805,1,0
92194,2625,1,0
92194,2495,1,0
92194,2702,1,0
92194,3020,1,0
92194,3195,2,0
92194,2495,1,0
92194,2926,1,0
92194,2805,1,0
92194,2625,1,0
92194,2495,1,0
92194,2702,1,0
92194,3020,1,0
92194,3195,2,0
92194,2495,1,0
92194,2926,1,0
92194,2805,1,0
92194,2625,1,0
92194,2495,1,0
92194,2702,1,0
92194,3020,1,0
92194,3195,2,0
92194,2495,1,0
92194,2926,1,0
92194,2805,1,0
92194,2625,1,0
92194,2495,1,0
92093,2696,1,1
92093,2309,0,1
92093,2660,1,1
92093,2218,1,1
92093,2225,1,1
92093,2475,1,1
92093,2995,1,1
92093,2650,1,1
92093,2696,1,1
92093,2309,0,1
92093,2660,1,1
92093,2218,1,1
92093,2225,1,1
92093,2475,1,1
92093,2995,1,1
92093,2650,1,1
92093,2696,1,1
92093,2309,0,1
92093,2660,1,1
92093,2218,1,1
92093,2225,1,1
92093,2475,1,1
92093,2995,1,1
92093,2650,1,1
92093,2696,1,1
92093,2309,0,1
92093,2660,1,1
92093,2218,1,1
92093,2225,1,1
92093,2475,1,1
92093,2995,1,1
92093,2650,1,1
92093,2696,1,1
92093,2309,0,1
92093,2660,1,1
92093,2218,1,1
92093,2225,1,1
92093,2475,1,1
92093,2995,1,1
92093,2650,1,1
92093,2696,1,1
92093,2309,0,1
92093,2660,1,1
92093,2218,1,1
92093,2225,1,1
92093,2475,1,1
92093,2995,1,1
92093,2650,1,1
92093,2696,1,1
92093,2309,0,1
92093,2660,1,1
92093,2218,1,1
92093,2225,1,1
92093,2475,1,1
92093,2995,1,1
92093,2650,1,1
92093,2696,1,1
92093,2309,0,1
92093,2660,1,1
92093,2218,1,1
92093,2225,1,1
92093,2475,1,1
92093,2995,1,1
92093,2650,1,1
92161,2696,1,0
92161,2440,0,0
92161,3119,1,0
92161,2309,0,0
92161,2660,1,0
92161,2389,1,0
92161,2218,1,0
92161,2875,0,0
92161,2696,1,0
92161,2440,0,0
92161,3119,1,0
92161,2309,0,0
92161,2660,1,0
92161,2389,1,0
92161,2218,1,0
92161,2875,0,0
92161,2696,1,0
92161,2440,0,0
92161,3119,1,0
92161,2309,0,0
92161,2660,1,0
92161,2389,1,0
92161,2218,1,0
92161,2875,0,0
92161,2696,1,0
92161,2440,0,0
92161,3119,1,0
92161,2309,0,0
92161,2660,1,0
92161,2389,1,0
92161,2218,1,0
92161,2875,0,0
92161,2696,1,0
92161,2440,0,0
92161,3119,1,0
92161,2309,0,0
92161,2660,1,0
92161,2389,1,0
92161,2218,1,0
92161,2875,0,0
92161,2696,1,0
92161,2440,0,0
92161,3119,1,0
92161,2309,0,0
92161,2660,1,0
92161,2389,1,0
92161,2218,1,0
92161,2875,0,0
92161,2696,1,0
92161,2440,0,0
92161,3119,1,0
92161,2309,0,0
92161,2660,1,0
92161,2389,1,0
92161,2218,1,0
92161,2875,0,0
92161,2696,1,0
92161,2440,0,0
92161,3119,1,0
92161,2309,0,0
92161,2660,1,0
92161,2389,1,0
92161,2218,1,0
92161,2875,0,0
92161,2696,1,0
92161,2440,0,0
92161,3119,1,0
92161,2309,0,0
92161,2660,1,0
92161,2389,1,0
92161,2218,1,0
92161,2875,0,0
92133,3995,1,0
92133,3495,2,0
92133,2695,1,0
92133,2655,1,0
92133,2375,0,0
92133,2095,0,0
92133,2295,0,0
92133,2375,1,0
92133,3995,1,0
92133,3495,2,0
92133,2695,1,0
92133,2655,1,0
92133,2375,0,0
92133,2095,0,0
92133,2295,0,0
92133,2375,1,0
92133,3995,1,0
92133,3495,2,0
92133,2695,1,0
92133,2655,1,0
92133,2375,0,0
92133,2095,0,0
92133,2295,0,0
92133,2375,1,0
92133,3995,1,0
92133,3495,2,0
92133,2695,1,0
92133,2655,1,0
92133,2375,0,0
92133,2095,0,0
92133,2295,0,0
92133,2375,1,0
92133,3995,1,0
92133,3495,2,0
92133,2695,1,0
92133,2655,1,0
92133,2375,0,0
92133,2095,0,0
92133,2295,0,0
92133,2375,1,0
92133,3995,1,0
92133,3495,2,0
92133,2695,1,0
92133,2655,1,0
92133,2375,0,0
92133,2095,0,0
92133,2295,0,0
92133,2375,1,0
92133,3995,1,0
92133,3495,2,0
92133,2695,1,0
92133,2655,1,0
92133,2375,0,0
92133,2095,0,0
92133,2295,0,0
92133,2375,1,0
92133,3995,1,0
92133,3495,2,0
92133,2695,1,0
92133,2655,1,0
92133,2375,0,0
92133,2095,0,0
92133,2295,0,0
92133,2375,1,0
92133,3995,1,0
92133,3495,2,0
92133,2695,1,0
92133,2655,1,0
92133,2375,0,0
92133,2095,0,0
92133,2295,0,0
92133,2375,1,0
92038,3350,0,0
92038,4649,1,0
92038,5200,2,0
92038,3800,2,0
92038,3350,0,0
92038,4649,1,0
92038,5200,2,0
92038,3800,2,0
92038,3350,0,0
92038,4649,1,0
92038,5200,2,0
92038,3800,2,0
92038,3350,0,0
92038,4649,1,0
92038,5200,2,0
92038,3800,2,0
92038,3350,0,0
92038,4649,1,0
92038,5200,2,0
92038,3800,2,0
92038,3350,0,0
92038,4649,1,0
92038,5200,2,0
92038,3800,2,0
92038,3350,0,0
92038,4649,1,0
92038,5200,2,0
92038,3800,2,0
92038,3350,0,0
92038,4649,1,0
92038,5200,2,0
92038,3800,2,0
92038,3350,0,0
92038,4649,1,0
92038,5200,2,0
92038,3800,2,0
92039,3350,0,0
92039,4649,1,0
92039,5200,2,0
92039,3800,2,0
92039,3350,0,0
92039,4649,1,0
92039,5200,2,0
92039,3800,2,0
92039,3350,0,0
92039,4649,1,0
92039,5200,2,0
92039,3800,2,0
92039,3350,0,0
92039,4649,1,0
92039,5200,2,0
92039,3800,2,0
92039,3350,0,0
92039,4649,1,0
92039,5200,2,0
92039,3800,2,0
92039,3350,0,0
92039,4649,1,0
92039,5200,2,0
92039,3800,2,0
92039,3350,0,0
92039,4649,1,0
92039,5200,2,0
92039,3800,2,0
92039,3350,0,0
92039,4649,1,0
92039,5200,2,0
92039,3800,2,0
92039,3350,0,0
92039,4649,1,0
92039,5200,2,0
92039,3800,2,0
92092,2696,1,0
92092,2309,0,0
92092,2660,1,0
92092,2389,1,0
92092,2218,1,0
92092,2875,0,0
92092,2225,1,0
92092,2475,1,0
92092,2696,1,0
92092,2309,0,0
92092,2660,1,0
92092,2389,1,0
92092,2218,1,0
92092,2875,0,0
92092,2225,1,0
92092,2475,1,0
92092,2696,1,0
92092,2309,0,0
92092,2660,1,0
92092,2389,1,0
92092,2218,1,0
92092,2875,0,0
92092,2225,1,0
92092,2475,1,0
92092,2696,1,0
92092,2309,0,0
92092,2660,1,0
92092,2389,1,0
92092,2218,1,0
92092,2875,0,0
92092,2225,1,0
92092,2475,1,0
92092,2696,1,0
92092,2309,0,0
92092,2660,1,0
92092,2389,1,0
92092,2218,1,0
92092,2875,0,0
92092,2225,1,0
92092,2475,1,0
92092,2696,1,0
92092,2309,0,0
92092,2660,1,0
92092,2389,1,0
92092,2218,1,0
92092,2875,0,0
92092,2225,1,0
92092,2475,1,0
92092,2696,1,0
92092,2309,0,0
92092,2660,1,0
92092,2389,1,0
92092,2218,1,0
92092,2875,0,0
92092,2225,1,0
92092,2475,1,0
92092,2696,1,0
92092,2309,0,0
92092,2660,1,0
92092,2389,1,0
92092,2218,1,0
92092,2875,0,0
92092,2225,1,0
92092,2475,1,0
92092,2696,1,0
92092,2309,0,0
92092,2660,1,0
92092,2389,1,0
92092,2218,1,0
92092,2875,0,0
92092,2225,1,0
92092,2475,1,0
92112,2695,1,0
92112,2350,1,0
92112,2982,1,0
92112,2995,0,0
92112,2769,1,0
92112,2515,1,0
92112,2495,1,0
92112,3315,0,0
92112,2695,1,0
92112,2350,1,0
92112,2982,1,0
92112,2995,0,0
92112,2769,1,0
92112,2515,1,0
92112,2495,1,0
92112,3315,0,0
92112,2695,1,0
92112,2350,1,0
92112,2982,1,0
92112,2995,0,0
92112,2769,1,0
92112,2515,1,0
92112,2495,1,0
92112,3315,0,0
92112,2695,1,0
92112,2350,1,0
92112,2982,1,0
92112,2995,0,0
92112,2769,1,0
92112,2515,1,0
92112,2495,1,0
92112,3315,0,0
92112,2695,1,0
92112,2350,1,0
92112,2982,1,0
92112,2995,0,0
92112,2769,1,0
92112,2515,1,0
92112,2495,1,0
92112,3315,0,0
92112,2695,1,0
92112,2350,1,0
92112,2982,1,0
92112,2995,0,0
92112,2769,1,0
92112,2515,1,0
92112,2495,1,0
92112,3315,0,0
92112,2695,1,0
92112,2350,1,0
92112,2982,1,0
92112,2995,0,0
92112,2769,1,0
92112,2515,1,0
92112,2495,1,0
92112,3315,0,0
92112,2695,1,0
92112,2350,1,0
92112,2982,1,0
92112,2995,0,0
92112,2769,1,0
92112,2515,1,0
92112,2495,1,0
92112,3315,0,0
92112,2695,1,0
92112,2350,1,0
92112,2982,1,0
92112,2995,0,0
92112,2769,1,0
92112,2515,1,0
92112,2495,1,0
92112,3315,0,0
92138,3995,1,0
92138,3495,2,0
92138,2982,1,0
92138,2695,1,0
92138,2655,1,0
92138,2712,1,0
92138,2375,0,0
92138,3995,1,0
92138,3495,2,0
92138,2982,1,0
92138,2695,1,0
92138,2655,1,0
92138,2712,1,0
92138,2375,0,0
92138,3995,1,0
92138,3495,2,0
92138,2982,1,0
92138,2695,1,0
92138,2655,1,0
92138,2712,1,0
92138,2375,0,0
92138,3995,1,0
92138,3495,2,0
92138,2982,1,0
92138,2695,1,0
92138,2655,1,0
92138,2712,1,0
92138,2375,0,0
92138,3995,1,0
92138,3495,2,0
92138,2982,1,0
92138,2695,1,0
92138,2655,1,0
92138,2712,1,0
92138,2375,0,0
92138,3995,1,0
92138,3495,2,0
92138,2982,1,0
92138,2695,1,0
92138,2655,1,0
92138,2712,1,0
92138,2375,0,0
92138,3995,1,0
92138,3495,2,0
92138,2982,1,0
92138,2695,1,0
92138,2655,1,0
92138,2712,1,0
92138,2375,0,0
92138,3995,1,0
92138,3495,2,0
92138,2982,1,0
92138,2695,1,0
92138,2655,1,0
92138,2712,1,0
92138,2375,0,0
92138,3995,1,0
92138,3495,2,0
92138,2982,1,0
92138,2695,1,0
92138,2655,1,0
92138,2712,1,0
92138,2375,0,0
92137,3995,1,0
92137,3495,2,0
92137,2982,1,0
92137,2695,1,0
92137,2655,1,0
92137,2712,1,0
92137,2375,0,0
92137,3995,1,0
92137,3495,2,0
92137,2982,1,0
92137,2695,1,0
92137,2655,1,0
92137,2712,1,0
92137,2375,0,0
92137,3995,1,0
92137,3495,2,0
92137,2982,1,0
92137,2695,1,0
92137,2655,1,0
92137,2712,1,0
92137,2375,0,0
92137,3995,1,0
92137,3495,2,0
92137,2982,1,0
92137,2695,1,0
92137,2655,1,0
92137,2712,1,0
92137,2375,0,0
92137,3995,1,0
92137,3495,2,0
92137,2982,1,0
92137,2695,1,0
92137,2655,1,0
92137,2712,1,0
92137,2375,0,0
92137,3995,1,0
92137,3495,2,0
92137,2982,1,0
92137,2695,1,0
92137,2655,1,0
92137,2712,1,0
92137,2375,0,0
92137,3995,1,0
92137,3495,2,0
92137,2982,1,0
92137,2695,1,0
92137,2655,1,0
92137,2712,1,0
92137,2375,0,0
92137,3995,1,0
92137,3495,2,0
92137,2982,1,0
92137,2695,1,0
92137,2655,1,0
92137,2712,1,0
92137,2375,0,0
92137,3995,1,0
92137,3495,2,0
92137,2982,1,0
92137,2695,1,0
92137,2655,1,0
92137,2712,1,0
92137,2375,0,0
92143,2595,2,0
92143,1995,1,0
92143,2578,1,0
92143,3101,1,0
92143,2125,1,0
92143,2412,1,0
92143,2595,2,0
92143,1995,1,0
92143,2578,1,0
92143,3101,1,0
92143,2125,1,0
92143,2412,1,0
92143,2595,2,0
92143,1995,1,0
92143,2578,1,0
92143,3101,1,0
92143,2125,1,0
92143,2412,1,0
92143,2595,2,0
92143,1995,1,0
92143,2578,1,0
92143,3101,1,0
92143,2125,1,0
92143,2412,1,0
92143,2595,2,0
92143,1995,1,0
92143,2578,1,0
92143,3101,1,0
92143,2125,1,0
92143,2412,1,0
92143,2595,2,0
92143,1995,1,0
92143,2578,1,0
92143,3101,1,0
92143,2125,1,0
92143,2412,1,0
92143,2595,2,0
92143,1995,1,0
92143,2578,1,0
92143,3101,1,0
92143,2125,1,0
92143,2412,1,0
92143,2595,2,0
92143,1995,1,0
92143,2578,1,0
92143,3101,1,0
92143,2125,1,0
92143,2412,1,0
92143,2595,2,0
92143,1995,1,0
92143,2578,1,0
92143,3101,1,0
92143,2125,1,0
92143,2412,1,0
92142,2495,1,0
92142,2450,1,0
92142,2385,1,0
92142,2100,2,0
92142,2554,1,0
92142,3295,2,0
92142,2145,1,0
92142,2760,2,0
92142,2495,1,0
92142,2450,1,0
92142,2385,1,0
92142,2100,2,0
92142,2554,1,0
92142,3295,2,0
92142,2145,1,0
92142,2760,2,0
92142,2495,1,0
92142,2450,1,0
92142,2385,1,0
92142,2100,2,0
92142,2554,1,0
92142,3295,2,0
92142,2145,1,0
92142,2760,2,0
92142,2495,1,0
92142,2450,1,0
92142,2385,1,0
92142,2100,2,0
92142,2554,1,0
92142,3295,2,0
92142,2145,1,0
92142,2760,2,0
92142,2495,1,0
92142,2450,1,0
92142,2385,1,0
92142,2100,2,0
92142,2554,1,0
92142,3295,2,0
92142,2145,1,0
92142,2760,2,0
92142,2495,1,0
92142,2450,1,0
92142,2385,1,0
92142,2100,2,0
92142,2554,1,0
92142,3295,2,0
92142,2145,1,0
92142,2760,2,0
92142,2495,1,0
92142,2450,1,0
92142,2385,1,0
92142,2100,2,0
92142,2554,1,0
92142,3295,2,0
92142,2145,1,0
92142,2760,2,0
92142,2495,1,0
92142,2450,1,0
92142,2385,1,0
92142,2100,2,0
92142,2554,1,0
92142,3295,2,0
92142,2145,1,0
92142,2760,2,0
92142,2495,1,0
92142,2450,1,0
92142,2385,1,0
92142,2100,2,0
92142,2554,1,0
92142,3295,2,0
92142,2145,1,0
92142,2760,2,0
92145,2726,1,0
92145,2079,0,0
92145,2209,1,0
92145,1995,1,0
92145,2726,1,0
92145,2079,0,0
92145,2209,1,0
92145,1995,1,0
92145,2726,1,0
92145,2079,0,0
92145,2209,1,0
92145,1995,1,0
92145,2726,1,0
92145,2079,0,0
92145,2209,1,0
92145,1995,1,0
92145,2726,1,0
92145,2079,0,0
92145,2209,1,0
92145,1995,1,0
92145,2726,1,0
92145,2079,0,0
92145,2209,1,0
92145,1995,1,0
92145,2726,1,0
92145,2079,0,0
92145,2209,1,0
92145,1995,1,0
92145,2726,1,0
92145,2079,0,0
92145,2209,1,0
92145,1995,1,0
92150,3520,2,0
92150,2629,0,0
92150,2995,2,0
92150,1995,1,0
92150,2486,1,0
92150,2951,2,0
92150,2678,1,0
92150,2390,1,0
92150,2689,1,0
92150,3520,2,0
92150,2629,0,0
92150,2995,2,0
92150,1995,1,0
92150,2486,1,0
92150,2951,2,0
92150,2678,1,0
92150,2390,1,0
92150,2689,1,0
92150,3520,2,0
92150,2629,0,0
92150,2995,2,0
92150,1995,1,0
92150,2486,1,0
92150,2951,2,0
92150,2678,1,0
92150,2390,1,0
92150,2689,1,0
92150,3520,2,0
92150,2629,0,0
92150,2995,2,0
92150,1995,1,0
92150,2486,1,0
92150,2951,2,0
92150,2678,1,0
92150,2390,1,0
92150,2689,1,0
92150,3520,2,0
92150,2629,0,0
92150,2995,2,0
92150,1995,1,0
92150,2486,1,0
92150,2951,2,0
92150,2678,1,0
92150,2390,1,0
92150,2689,1,0
92150,3520,2,0
92150,2629,0,0
92150,2995,2,0
92150,1995,1,0
92150,2486,1,0
92150,2951,2,0
92150,2678,1,0
92150,2390,1,0
92150,2689,1,0
92150,3520,2,0
92150,2629,0,0
92150,2995,2,0
92150,1995,1,0
92150,2486,1,0
92150,2951,2,0
92150,2678,1,0
92150,2390,1,0
92150,2689,1,0
92150,3520,2,0
92150,2629,0,0
92150,2995,2,0
92150,1995,1,0
92150,2486,1,0
92150,2951,2,0
92150,2678,1,0
92150,2390,1,0
92150,2689,1,0
92150,3520,2,0
92150,2629,0,0
92150,2995,2,0
92150,1995,1,0
92150,2486,1,0
92150,2951,2,0
92150,2678,1,0
92150,2390,1,0
92150,2689,1,0
92149,2200,1,0
92149,1995,1,0
92149,1995,1,0
92149,1959,0,0
92149,2195,0,0
92149,2200,1,0
92149,1995,1,0
92149,1995,1,0
92149,1959,0,0
92149,2195,0,0
92149,2200,1,0
92149,1995,1,0
92149,1995,1,0
92149,1959,0,0
92149,2195,0,0
92149,2200,1,0
92149,1995,1,0
92149,1995,1,0
92149,1959,0,0
92149,2195,0,0
92149,2200,1,0
92149,1995,1,0
92149,1995,1,0
92149,1959,0,0
92149,2195,0,0
92149,2200,1,0
92149,1995,1,0
92149,1995,1,0
92149,1959,0,0
92149,2195,0,0
92149,2200,1,0
92149,1995,1,0
92149,1995,1,0
92149,1959,0,0
92149,2195,0,0
92149,2200,1,0
92149,1995,1,0
92149,1995,1,0
92149,1959,0,0
92149,2195,0,0
92149,2200,1,0
92149,1995,1,0
92149,1995,1,0
92149,1959,0,0
92149,2195,0,0
92153,2500,1,0
92153,2595,2,0
92153,1995,1,0
92153,2578,1,0
92153,3101,1,0
92153,2125,1,0
92153,2412,1,0
92153,2500,1,0
92153,2595,2,0
92153,1995,1,0
92153,2578,1,0
92153,3101,1,0
92153,2125,1,0
92153,2412,1,0
92153,2500,1,0
92153,2595,2,0
92153,1995,1,0
92153,2578,1,0
92153,3101,1,0
92153,2125,1,0
92153,2412,1,0
92153,2500,1,0
92153,2595,2,0
92153,1995,1,0
92153,2578,1,0
92153,3101,1,0
92153,2125,1,0
92153,2412,1,0
92153,2500,1,0
92153,2595,2,0
92153,1995,1,0
92153,2578,1,0
92153,3101,1,0
92153,2125,1,0
92153,2412,1,0
92153,2500,1,0
92153,2595,2,0
92153,1995,1,0
92153,2578,1,0
92153,3101,1,0
92153,2125,1,0
92153,2412,1,0
92153,2500,1,0
92153,2595,2,0
92153,1995,1,0
92153,2578,1,0
92153,3101,1,0
92153,2125,1,0
92153,2412,1,0
92153,2500,1,0
92153,2595,2,0
92153,1995,1,0
92153,2578,1,0
92153,3101,1,0
92153,2125,1,0
92153,2412,1,0
92153,2500,1,0
92153,2595,2,0
92153,1995,1,0
92153,2578,1,0
92153,3101,1,0
92153,2125,1,0
92153,2412,1,0
92152,2295,1,0
92152,2295,1,0
92152,2295,1,0
92152,2295,1,0
92152,2295,1,0
92152,2295,1,0
92152,2295,1,0
92152,2295,1,0
92155,5500,1,0
92155,4495,1,0
92155,6500,1,0
92155,4800,1,0
92155,4200,1,0
92155,8500,1,0
92155,5500,1,0
92155,4495,1,0
92155,6500,1,0
92155,4800,1,0
92155,4200,1,0
92155,8500,1,0
92155,5500,1,0
92155,4495,1,0
92155,6500,1,0
92155,4800,1,0
92155,4200,1,0
92155,8500,1,0
92155,5500,1,0
92155,4495,1,0
92155,6500,1,0
92155,4800,1,0
92155,4200,1,0
92155,8500,1,0
92155,5500,1,0
92155,4495,1,0
92155,6500,1,0
92155,4800,1,0
92155,4200,1,0
92155,8500,1,0
92155,5500,1,0
92155,4495,1,0
92155,6500,1,0
92155,4800,1,0
92155,4200,1,0
92155,8500,1,0
92155,5500,1,0
92155,4495,1,0
92155,6500,1,0
92155,4800,1,0
92155,4200,1,0
92155,8500,1,0
92155,5500,1,0
92155,4495,1,0
92155,6500,1,0
92155,4800,1,0
92155,4200,1,0
92155,8500,1,0
92159,1903,0,0
92159,2318,1,0
92159,2000,1,0
92159,2079,1,0
92159,2064,1,0
92159,2095,1,0
92159,2950,2,0
92159,1903,0,0
92159,2318,1,0
92159,2000,1,0
92159,2079,1,0
92159,2064,1,0
92159,2095,1,0
92159,2950,2,0
92159,1903,0,0
92159,2318,1,0
92159,2000,1,0
92159,2079,1,0
92159,2064,1,0
92159,2095,1,0
92159,2950,2,0
92159,1903,0,0
92159,2318,1,0
92159,2000,1,0
92159,2079,1,0
92159,2064,1,0
92159,2095,1,0
92159,2950,2,0
92159,1903,0,0
92159,2318,1,0
92159,2000,1,0
92159,2079,1,0
92159,2064,1,0
92159,2095,1,0
92159,2950,2,0
92159,1903,0,0
92159,2318,1,0
92159,2000,1,0
92159,2079,1,0
92159,2064,1,0
92159,2095,1,0
92159,2950,2,0
92159,1903,0,0
92159,2318,1,0
92159,2000,1,0
92159,2079,1,0
92159,2064,1,0
92159,2095,1,0
92159,2950,2,0
92159,1903,0,0
92159,2318,1,0
92159,2000,1,0
92159,2079,1,0
92159,2064,1,0
92159,2095,1,0
92159,2950,2,0
92159,1903,0,0
92159,2318,1,0
92159,2000,1,0
92159,2079,1,0
92159,2064,1,0
92159,2095,1,0
92159,2950,2,0
92158,3270,2,0
92158,1690,0,0
92158,2000,1,0
92158,3270,2,0
92158,1690,0,0
92158,2000,1,0
92158,3270,2,0
92158,1690,0,0
92158,2000,1,0
92158,3270,2,0
92158,1690,0,0
92158,2000,1,0
92158,3270,2,0
92158,1690,0,0
92158,2000,1,0
92158,3270,2,0
92158,1690,0,0
92158,2000,1,0
92158,3270,2,0
92158,1690,0,0
92158,2000,1,0
92160,3775,2,0
92160,2450,1,0
92160,2120,1,0
92160,2495,1,0
92160,2490,1,0
92160,2505,1,0
92160,2300,0,0
92160,2195,1,0
92160,2330,1,0
92160,3775,2,0
92160,2450,1,0
92160,2120,1,0
92160,2495,1,0
92160,2490,1,0
92160,2505,1,0
92160,2300,0,0
92160,2195,1,0
92160,2330,1,0
92160,3775,2,0
92160,2450,1,0
92160,2120,1,0
92160,2495,1,0
92160,2490,1,0
92160,2505,1,0
92160,2300,0,0
92160,2195,1,0
92160,2330,1,0
92160,3775,2,0
92160,2450,1,0
92160,2120,1,0
92160,2495,1,0
92160,2490,1,0
92160,2505,1,0
92160,2300,0,0
92160,2195,1,0
92160,2330,1,0
92160,3775,2,0
92160,2450,1,0
92160,2120,1,0
92160,2495,1,0
92160,2490,1,0
92160,2505,1,0
92160,2300,0,0
92160,2195,1,0
92160,2330,1,0
92160,3775,2,0
92160,2450,1,0
92160,2120,1,0
92160,2495,1,0
92160,2490,1,0
92160,2505,1,0
92160,2300,0,0
92160,2195,1,0
92160,2330,1,0
92160,3775,2,0
92160,2450,1,0
92160,2120,1,0
92160,2495,1,0
92160,2490,1,0
92160,2505,1,0
92160,2300,0,0
92160,2195,1,0
92160,2330,1,0
92160,3775,2,0
92160,2450,1,0
92160,2120,1,0
92160,2495,1,0
92160,2490,1,0
92160,2505,1,0
92160,2300,0,0
92160,2195,1,0
92160,2330,1,0
92160,3775,2,0
92160,2450,1,0
92160,2120,1,0
92160,2495,1,0
92160,2490,1,0
92160,2505,1,0
92160,2300,0,0
92160,2195,1,0
92160,2330,1,0
92163,2982,1,0
92163,3020,1,0
92163,3195,2,0
92163,2995,0,0
92163,2769,1,0
92163,2926,1,0
92163,2625,1,0
92163,2515,1,0
92163,2691,1,0
92163,2982,1,0
92163,3020,1,0
92163,3195,2,0
92163,2995,0,0
92163,2769,1,0
92163,2926,1,0
92163,2625,1,0
92163,2515,1,0
92163,2691,1,0
92163,2982,1,0
92163,3020,1,0
92163,3195,2,0
92163,2995,0,0
92163,2769,1,0
92163,2926,1,0
92163,2625,1,0
92163,2515,1,0
92163,2691,1,0
92163,2982,1,0
92163,3020,1,0
92163,3195,2,0
92163,2995,0,0
92163,2769,1,0
92163,2926,1,0
92163,2625,1,0
92163,2515,1,0
92163,2691,1,0
92163,2982,1,0
92163,3020,1,0
92163,3195,2,0
92163,2995,0,0
92163,2769,1,0
92163,2926,1,0
92163,2625,1,0
92163,2515,1,0
92163,2691,1,0
92163,2982,1,0
92163,3020,1,0
92163,3195,2,0
92163,2995,0,0
92163,2769,1,0
92163,2926,1,0
92163,2625,1,0
92163,2515,1,0
92163,2691,1,0
92163,2982,1,0
92163,3020,1,0
92163,3195,2,0
92163,2995,0,0
92163,2769,1,0
92163,2926,1,0
92163,2625,1,0
92163,2515,1,0
92163,2691,1,0
92163,2982,1,0
92163,3020,1,0
92163,3195,2,0
92163,2995,0,0
92163,2769,1,0
92163,2926,1,0
92163,2625,1,0
92163,2515,1,0
92163,2691,1,0
92163,2982,1,0
92163,3020,1,0
92163,3195,2,0
92163,2995,0,0
92163,2769,1,0
92163,2926,1,0
92163,2625,1,0
92163,2515,1,0
92163,2691,1,0
92165,3775,2,0
92165,2625,1,0
92165,2505,1,0
92165,2300,0,0
92165,2330,1,0
92165,2740,1,0
92165,3000,1,0
92165,2605,1,0
92165,3775,2,0
92165,2625,1,0
92165,2505,1,0
92165,2300,0,0
92165,2330,1,0
92165,2740,1,0
92165,3000,1,0
92165,2605,1,0
92165,3775,2,0
92165,2625,1,0
92165,2505,1,0
92165,2300,0,0
92165,2330,1,0
92165,2740,1,0
92165,3000,1,0
92165,2605,1,0
92165,3775,2,0
92165,2625,1,0
92165,2505,1,0
92165,2300,0,0
92165,2330,1,0
92165,2740,1,0
92165,3000,1,0
92165,2605,1,0
92165,3775,2,0
92165,2625,1,0
92165,2505,1,0
92165,2300,0,0
92165,2330,1,0
92165,2740,1,0
92165,3000,1,0
92165,2605,1,0
92165,3775,2,0
92165,2625,1,0
92165,2505,1,0
92165,2300,0,0
92165,2330,1,0
92165,2740,1,0
92165,3000,1,0
92165,2605,1,0
92165,3775,2,0
92165,2625,1,0
92165,2505,1,0
92165,2300,0,0
92165,2330,1,0
92165,2740,1,0
92165,3000,1,0
92165,2605,1,0
92165,3775,2,0
92165,2625,1,0
92165,2505,1,0
92165,2300,0,0
92165,2330,1,0
92165,2740,1,0
92165,3000,1,0
92165,2605,1,0
92165,3775,2,0
92165,2625,1,0
92165,2505,1,0
92165,2300,0,0
92165,2330,1,0
92165,2740,1,0
92165,3000,1,0
92165,2605,1,0
92167,3995,1,0
92167,3495,2,0
92167,2695,1,0
92167,2375,0,0
92167,2095,0,0
92167,2052,0,0
92167,2505,1,0
92167,2615,2,0
92167,3995,1,0
92167,3495,2,0
92167,2695,1,0
92167,2375,0,0
92167,2095,0,0
92167,2052,0,0
92167,2505,1,0
92167,2615,2,0
92167,3995,1,0
92167,3495,2,0
92167,2695,1,0
92167,2375,0,0
92167,2095,0,0
92167,2052,0,0
92167,2505,1,0
92167,2615,2,0
92167,3995,1,0
92167,3495,2,0
92167,2695,1,0
92167,2375,0,0
92167,2095,0,0
92167,2052,0,0
92167,2505,1,0
92167,2615,2,0
92167,3995,1,0
92167,3495,2,0
92167,2695,1,0
92167,2375,0,0
92167,2095,0,0
92167,2052,0,0
92167,2505,1,0
92167,2615,2,0
92167,3995,1,0
92167,3495,2,0
92167,2695,1,0
92167,2375,0,0
92167,2095,0,0
92167,2052,0,0
92167,2505,1,0
92167,2615,2,0
92167,3995,1,0
92167,3495,2,0
92167,2695,1,0
92167,2375,0,0
92167,2095,0,0
92167,2052,0,0
92167,2505,1,0
92167,2615,2,0
92167,3995,1,0
92167,3495,2,0
92167,2695,1,0
92167,2375,0,0
92167,2095,0,0
92167,2052,0,0
92167,2505,1,0
92167,2615,2,0
92167,3995,1,0
92167,3495,2,0
92167,2695,1,0
92167,2375,0,0
92167,2095,0,0
92167,2052,0,0
92167,2505,1,0
92167,2615,2,0
92166,3995,1,0
92166,3495,2,0
92166,2695,1,0
92166,2375,0,0
92166,2095,0,0
92166,2375,1,0
92166,2420,1,0
92166,2052,0,0
92166,3995,1,0
92166,3495,2,0
92166,2695,1,0
92166,2375,0,0
92166,2095,0,0
92166,2375,1,0
92166,2420,1,0
92166,2052,0,0
92166,3995,1,0
92166,3495,2,0
92166,2695,1,0
92166,2375,0,0
92166,2095,0,0
92166,2375,1,0
92166,2420,1,0
92166,2052,0,0
92166,3995,1,0
92166,3495,2,0
92166,2695,1,0
92166,2375,0,0
92166,2095,0,0
92166,2375,1,0
92166,2420,1,0
92166,2052,0,0
92166,3995,1,0
92166,3495,2,0
92166,2695,1,0
92166,2375,0,0
92166,2095,0,0
92166,2375,1,0
92166,2420,1,0
92166,2052,0,0
92166,3995,1,0
92166,3495,2,0
92166,2695,1,0
92166,2375,0,0
92166,2095,0,0
92166,2375,1,0
92166,2420,1,0
92166,2052,0,0
92166,3995,1,0
92166,3495,2,0
92166,2695,1,0
92166,2375,0,0
92166,2095,0,0
92166,2375,1,0
92166,2420,1,0
92166,2052,0,0
92166,3995,1,0
92166,3495,2,0
92166,2695,1,0
92166,2375,0,0
92166,2095,0,0
92166,2375,1,0
92166,2420,1,0
92166,2052,0,0
92166,3995,1,0
92166,3495,2,0
92166,2695,1,0
92166,2375,0,0
92166,2095,0,0
92166,2375,1,0
92166,2420,1,0
92166,2052,0,0
92169,2495,1,0
92169,2950,1,0
92169,2195,1,0
92169,2146,0,0
92169,3250,2,0
92169,1980,0,0
92169,2495,1,0
92169,2950,1,0
92169,2195,1,0
92169,2146,0,0
92169,3250,2,0
92169,1980,0,0
92169,2495,1,0
92169,2950,1,0
92169,2195,1,0
92169,2146,0,0
92169,3250,2,0
92169,1980,0,0
92169,2495,1,0
92169,2950,1,0
92169,2195,1,0
92169,2146,0,0
92169,3250,2,0
92169,1980,0,0
92169,2495,1,0
92169,2950,1,0
92169,2195,1,0
92169,2146,0,0
92169,3250,2,0
92169,1980,0,0
92169,2495,1,0
92169,2950,1,0
92169,2195,1,0
92169,2146,0,0
92169,3250,2,0
92169,1980,0,0
92169,2495,1,0
92169,2950,1,0
92169,2195,1,0
92169,2146,0,0
92169,3250,2,0
92169,1980,0,0
92169,2495,1,0
92169,2950,1,0
92169,2195,1,0
92169,2146,0,0
92169,3250,2,0
92169,1980,0,0
92169,2495,1,0
92169,2950,1,0
92169,2195,1,0
92169,2146,0,0
92169,3250,2,0
92169,1980,0,0
92168,2982,1,0
92168,3020,1,0
92168,3195,2,0
92168,2926,1,0
92168,2625,1,0
92168,2515,1,0
92168,2691,1,0
92168,2682,1,0
92168,2982,1,0
92168,3020,1,0
92168,3195,2,0
92168,2926,1,0
92168,2625,1,0
92168,2515,1,0
92168,2691,1,0
92168,2682,1,0
92168,2982,1,0
92168,3020,1,0
92168,3195,2,0
92168,2926,1,0
92168,2625,1,0
92168,2515,1,0
92168,2691,1,0
92168,2682,1,0
92168,2982,1,0
92168,3020,1,0
92168,3195,2,0
92168,2926,1,0
92168,2625,1,0
92168,2515,1,0
92168,2691,1,0
92168,2682,1,0
92168,2982,1,0
92168,3020,1,0
92168,3195,2,0
92168,2926,1,0
92168,2625,1,0
92168,2515,1,0
92168,2691,1,0
92168,2682,1,0
92168,2982,1,0
92168,3020,1,0
92168,3195,2,0
92168,2926,1,0
92168,2625,1,0
92168,2515,1,0
92168,2691,1,0
92168,2682,1,0
92168,2982,1,0
92168,3020,1,0
92168,3195,2,0
92168,2926,1,0
92168,2625,1,0
92168,2515,1,0
92168,2691,1,0
92168,2682,1,0
92168,2982,1,0
92168,3020,1,0
92168,3195,2,0
92168,2926,1,0
92168,2625,1,0
92168,2515,1,0
92168,2691,1,0
92168,2682,1,0
92168,2982,1,0
92168,3020,1,0
92168,3195,2,0
92168,2926,1,0
92168,2625,1,0
92168,2515,1,0
92168,2691,1,0
92168,2682,1,0
92171,2702,1,0
92171,2982,1,0
92171,3020,1,0
92171,3195,2,0
92171,2160,1,0
92171,2926,1,0
92171,2805,1,0
92171,2515,1,0
92171,2702,1,0
92171,2982,1,0
92171,3020,1,0
92171,3195,2,0
92171,2160,1,0
92171,2926,1,0
92171,2805,1,0
92171,2515,1,0
92171,2702,1,0
92171,2982,1,0
92171,3020,1,0
92171,3195,2,0
92171,2160,1,0
92171,2926,1,0
92171,2805,1,0
92171,2515,1,0
92171,2702,1,0
92171,2982,1,0
92171,3020,1,0
92171,3195,2,0
92171,2160,1,0
92171,2926,1,0
92171,2805,1,0
92171,2515,1,0
92171,2702,1,0
92171,2982,1,0
92171,3020,1,0
92171,3195,2,0
92171,2160,1,0
92171,2926,1,0
92171,2805,1,0
92171,2515,1,0
92171,2702,1,0
92171,2982,1,0
92171,3020,1,0
92171,3195,2,0
92171,2160,1,0
92171,2926,1,0
92171,2805,1,0
92171,2515,1,0
92171,2702,1,0
92171,2982,1,0
92171,3020,1,0
92171,3195,2,0
92171,2160,1,0
92171,2926,1,0
92171,2805,1,0
92171,2515,1,0
92171,2702,1,0
92171,2982,1,0
92171,3020,1,0
92171,3195,2,0
92171,2160,1,0
92171,2926,1,0
92171,2805,1,0
92171,2515,1,0
92171,2702,1,0
92171,2982,1,0
92171,3020,1,0
92171,3195,2,0
92171,2160,1,0
92171,2926,1,0
92171,2805,1,0
92171,2515,1,0
92170,2695,1,0
92170,2350,1,0
92170,2982,1,0
92170,2995,0,0
92170,2769,1,0
92170,3315,0,0
92170,2525,1,0
92170,2695,1,0
92170,2350,1,0
92170,2982,1,0
92170,2995,0,0
92170,2769,1,0
92170,3315,0,0
92170,2525,1,0
92170,2695,1,0
92170,2350,1,0
92170,2982,1,0
92170,2995,0,0
92170,2769,1,0
92170,3315,0,0
92170,2525,1,0
92170,2695,1,0
92170,2350,1,0
92170,2982,1,0
92170,2995,0,0
92170,2769,1,0
92170,3315,0,0
92170,2525,1,0
92170,2695,1,0
92170,2350,1,0
92170,2982,1,0
92170,2995,0,0
92170,2769,1,0
92170,3315,0,0
92170,2525,1,0
92170,2695,1,0
92170,2350,1,0
92170,2982,1,0
92170,2995,0,0
92170,2769,1,0
92170,3315,0,0
92170,2525,1,0
92170,2695,1,0
92170,2350,1,0
92170,2982,1,0
92170,2995,0,0
92170,2769,1,0
92170,3315,0,0
92170,2525,1,0
92170,2695,1,0
92170,2350,1,0
92170,2982,1,0
92170,2995,0,0
92170,2769,1,0
92170,3315,0,0
92170,2525,1,0
92170,2695,1,0
92170,2350,1,0
92170,2982,1,0
92170,2995,0,0
92170,2769,1,0
92170,3315,0,0
92170,2525,1,0
92172,3111,2,0
92172,2649,1,0
92172,2425,1,0
92172,2295,1,0
92172,3111,2,0
92172,2649,1,0
92172,2425,1,0
92172,2295,1,0
92172,3111,2,0
92172,2649,1,0
92172,2425,1,0
92172,2295,1,0
92172,3111,2,0
92172,2649,1,0
92172,2425,1,0
92172,2295,1,0
92172,3111,2,0
92172,2649,1,0
92172,2425,1,0
92172,2295,1,0
92172,3111,2,0
92172,2649,1,0
92172,2425,1,0
92172,2295,1,0
92172,3111,2,0
92172,2649,1,0
92172,2425,1,0
92172,2295,1,0
92172,3111,2,0
92172,2649,1,0
92172,2425,1,0
92172,2295,1,0
92172,3111,2,0
92172,2649,1,0
92172,2425,1,0
92172,2295,1,0
92175,1903,0,0
92175,2260,1,0
92175,3775,2,0
92175,2180,1,0
92175,2000,0,0
92175,2120,1,0
92175,2318,1,0
92175,1903,0,0
92175,2260,1,0
92175,3775,2,0
92175,2180,1,0
92175,2000,0,0
92175,2120,1,0
92175,2318,1,0
92175,1903,0,0
92175,2260,1,0
92175,3775,2,0
92175,2180,1,0
92175,2000,0,0
92175,2120,1,0
92175,2318,1,0
92175,1903,0,0
92175,2260,1,0
92175,3775,2,0
92175,2180,1,0
92175,2000,0,0
92175,2120,1,0
92175,2318,1,0
92175,1903,0,0
92175,2260,1,0
92175,3775,2,0
92175,2180,1,0
92175,2000,0,0
92175,2120,1,0
92175,2318,1,0
92175,1903,0,0
92175,2260,1,0
92175,3775,2,0
92175,2180,1,0
92175,2000,0,0
92175,2120,1,0
92175,2318,1,0
92175,1903,0,0
92175,2260,1,0
92175,3775,2,0
92175,2180,1,0
92175,2000,0,0
92175,2120,1,0
92175,2318,1,0
92175,1903,0,0
92175,2260,1,0
92175,3775,2,0
92175,2180,1,0
92175,2000,0,0
92175,2120,1,0
92175,2318,1,0
92175,1903,0,0
92175,2260,1,0
92175,3775,2,0
92175,2180,1,0
92175,2000,0,0
92175,2120,1,0
92175,2318,1,0
92174,1730,0,0
92174,2395,1,0
92174,1730,0,0
92174,2395,1,0
92174,1730,0,0
92174,2395,1,0
92174,1730,0,0
92174,2395,1,0
92174,1730,0,0
92174,2395,1,0
92174,1730,0,0
92174,2395,1,0
92174,1730,0,0
92174,2395,1,0
92174,1730,0,0
92174,2395,1,0
92174,1730,0,0
92174,2395,1,0
92177,3198,2,0
92177,2696,1,0
92177,2160,1,0
92177,3119,1,0
92177,2495,1,0
92177,2309,0,0
92177,2798,1,0
92177,2485,1,0
92177,3198,2,0
92177,2696,1,0
92177,2160,1,0
92177,3119,1,0
92177,2495,1,0
92177,2309,0,0
92177,2798,1,0
92177,2485,1,0
92177,3198,2,0
92177,2696,1,0
92177,2160,1,0
92177,3119,1,0
92177,2495,1,0
92177,2309,0,0
92177,2798,1,0
92177,2485,1,0
92177,3198,2,0
92177,2696,1,0
92177,2160,1,0
92177,3119,1,0
92177,2495,1,0
92177,2309,0,0
92177,2798,1,0
92177,2485,1,0
92177,3198,2,0
92177,2696,1,0
92177,2160,1,0
92177,3119,1,0
92177,2495,1,0
92177,2309,0,0
92177,2798,1,0
92177,2485,1,0
92177,3198,2,0
92177,2696,1,0
92177,2160,1,0
92177,3119,1,0
92177,2495,1,0
92177,2309,0,0
92177,2798,1,0
92177,2485,1,0
92177,3198,2,0
92177,2696,1,0
92177,2160,1,0
92177,3119,1,0
92177,2495,1,0
92177,2309,0,0
92177,2798,1,0
92177,2485,1,0
92177,3198,2,0
92177,2696,1,0
92177,2160,1,0
92177,3119,1,0
92177,2495,1,0
92177,2309,0,0
92177,2798,1,0
92177,2485,1,0
92177,3198,2,0
92177,2696,1,0
92177,2160,1,0
92177,3119,1,0
92177,2495,1,0
92177,2309,0,0
92177,2798,1,0
92177,2485,1,0
92176,3020,1,0
92176,3195,2,0
92176,2625,1,0
92176,2515,1,0
92176,2495,1,0
92176,2691,1,0
92176,2495,1,0
92176,2490,1,0
92176,2505,1,0
92176,3020,1,0
92176,3195,2,0
92176,2625,1,0
92176,2515,1,0
92176,2495,1,0
92176,2691,1,0
92176,2495,1,0
92176,2490,1,0
92176,2505,1,0
92176,3020,1,0
92176,3195,2,0
92176,2625,1,0
92176,2515,1,0
92176,2495,1,0
92176,2691,1,0
92176,2495,1,0
92176,2490,1,0
92176,2505,1,0
92176,3020,1,0
92176,3195,2,0
92176,2625,1,0
92176,2515,1,0
92176,2495,1,0
92176,2691,1,0
92176,2495,1,0
92176,2490,1,0
92176,2505,1,0
92176,3020,1,0
92176,3195,2,0
92176,2625,1,0
92176,2515,1,0
92176,2495,1,0
92176,2691,1,0
92176,2495,1,0
92176,2490,1,0
92176,2505,1,0
92176,3020,1,0
92176,3195,2,0
92176,2625,1,0
92176,2515,1,0
92176,2495,1,0
92176,2691,1,0
92176,2495,1,0
92176,2490,1,0
92176,2505,1,0
92176,3020,1,0
92176,3195,2,0
92176,2625,1,0
92176,2515,1,0
92176,2495,1,0
92176,2691,1,0
92176,2495,1,0
92176,2490,1,0
92176,2505,1,0
92176,3020,1,0
92176,3195,2,0
92176,2625,1,0
92176,2515,1,0
92176,2495,1,0
92176,2691,1,0
92176,2495,1,0
92176,2490,1,0
92176,2505,1,0
92176,3020,1,0
92176,3195,2,0
92176,2625,1,0
92176,2515,1,0
92176,2495,1,0
92176,2691,1,0
92176,2495,1,0
92176,2490,1,0
92176,2505,1,0
92179,2465,0,0
92179,2486,1,0
92179,2707,1,0
92179,2441,1,0
92179,3270,2,0
92179,3695,2,0
92179,1690,0,0
92179,2465,0,0
92179,2486,1,0
92179,2707,1,0
92179,2441,1,0
92179,3270,2,0
92179,3695,2,0
92179,1690,0,0
92179,2465,0,0
92179,2486,1,0
92179,2707,1,0
92179,2441,1,0
92179,3270,2,0
92179,3695,2,0
92179,1690,0,0
92179,2465,0,0
92179,2486,1,0
92179,2707,1,0
92179,2441,1,0
92179,3270,2,0
92179,3695,2,0
92179,1690,0,0
92179,2465,0,0
92179,2486,1,0
92179,2707,1,0
92179,2441,1,0
92179,3270,2,0
92179,3695,2,0
92179,1690,0,0
92179,2465,0,0
92179,2486,1,0
92179,2707,1,0
92179,2441,1,0
92179,3270,2,0
92179,3695,2,0
92179,1690,0,0
92179,2465,0,0
92179,2486,1,0
92179,2707,1,0
92179,2441,1,0
92179,3270,2,0
92179,3695,2,0
92179,1690,0,0
92179,2465,0,0
92179,2486,1,0
92179,2707,1,0
92179,2441,1,0
92179,3270,2,0
92179,3695,2,0
92179,1690,0,0
92178,2695,1,0
92178,2350,1,0
92178,2982,1,0
92178,2769,1,0
92178,3315,0,0
92178,2525,1,0
92178,2350,0,0
92178,2304,0,0
92178,2695,1,0
92178,2350,1,0
92178,2982,1,0
92178,2769,1,0
92178,3315,0,0
92178,2525,1,0
92178,2350,0,0
92178,2304,0,0
92178,2695,1,0
92178,2350,1,0
92178,2982,1,0
92178,2769,1,0
92178,3315,0,0
92178,2525,1,0
92178,2350,0,0
92178,2304,0,0
92178,2695,1,0
92178,2350,1,0
92178,2982,1,0
92178,2769,1,0
92178,3315,0,0
92178,2525,1,0
92178,2350,0,0
92178,2304,0,0
92178,2695,1,0
92178,2350,1,0
92178,2982,1,0
92178,2769,1,0
92178,3315,0,0
92178,2525,1,0
92178,2350,0,0
92178,2304,0,0
92178,2695,1,0
92178,2350,1,0
92178,2982,1,0
92178,2769,1,0
92178,3315,0,0
92178,2525,1,0
92178,2350,0,0
92178,2304,0,0
92178,2695,1,0
92178,2350,1,0
92178,2982,1,0
92178,2769,1,0
92178,3315,0,0
92178,2525,1,0
92178,2350,0,0
92178,2304,0,0
92178,2695,1,0
92178,2350,1,0
92178,2982,1,0
92178,2769,1,0
92178,3315,0,0
92178,2525,1,0
92178,2350,0,0
92178,2304,0,0
92178,2695,1,0
92178,2350,1,0
92178,2982,1,0
92178,2769,1,0
92178,3315,0,0
92178,2525,1,0
92178,2350,0,0
92178,2304,0,0
92187,2695,1,0
92187,2350,1,0
92187,2982,1,0
92187,2995,0,0
92187,2769,1,0
92187,2515,1,0
92187,2495,1,0
92187,3315,0,0
92187,2695,1,0
92187,2350,1,0
92187,2982,1,0
92187,2995,0,0
92187,2769,1,0
92187,2515,1,0
92187,2495,1,0
92187,3315,0,0
92187,2695,1,0
92187,2350,1,0
92187,2982,1,0
92187,2995,0,0
92187,2769,1,0
92187,2515,1,0
92187,2495,1,0
92187,3315,0,0
92187,2695,1,0
92187,2350,1,0
92187,2982,1,0
92187,2995,0,0
92187,2769,1,0
92187,2515,1,0
92187,2495,1,0
92187,3315,0,0
92187,2695,1,0
92187,2350,1,0
92187,2982,1,0
92187,2995,0,0
92187,2769,1,0
92187,2515,1,0
92187,2495,1,0
92187,3315,0,0
92187,2695,1,0
92187,2350,1,0
92187,2982,1,0
92187,2995,0,0
92187,2769,1,0
92187,2515,1,0
92187,2495,1,0
92187,3315,0,0
92187,2695,1,0
92187,2350,1,0
92187,2982,1,0
92187,2995,0,0
92187,2769,1,0
92187,2515,1,0
92187,2495,1,0
92187,3315,0,0
92187,2695,1,0
92187,2350,1,0
92187,2982,1,0
92187,2995,0,0
92187,2769,1,0
92187,2515,1,0
92187,2495,1,0
92187,3315,0,0
92187,2695,1,0
92187,2350,1,0
92187,2982,1,0
92187,2995,0,0
92187,2769,1,0
92187,2515,1,0
92187,2495,1,0
92187,3315,0,0
92186,3995,1,0
92186,3495,2,0
92186,2982,1,0
92186,2695,1,0
92186,2655,1,0
92186,2712,1,0
92186,2375,0,0
92186,3995,1,0
92186,3495,2,0
92186,2982,1,0
92186,2695,1,0
92186,2655,1,0
92186,2712,1,0
92186,2375,0,0
92186,3995,1,0
92186,3495,2,0
92186,2982,1,0
92186,2695,1,0
92186,2655,1,0
92186,2712,1,0
92186,2375,0,0
92186,3995,1,0
92186,3495,2,0
92186,2982,1,0
92186,2695,1,0
92186,2655,1,0
92186,2712,1,0
92186,2375,0,0
92186,3995,1,0
92186,3495,2,0
92186,2982,1,0
92186,2695,1,0
92186,2655,1,0
92186,2712,1,0
92186,2375,0,0
92186,3995,1,0
92186,3495,2,0
92186,2982,1,0
92186,2695,1,0
92186,2655,1,0
92186,2712,1,0
92186,2375,0,0
92186,3995,1,0
92186,3495,2,0
92186,2982,1,0
92186,2695,1,0
92186,2655,1,0
92186,2712,1,0
92186,2375,0,0
92186,3995,1,0
92186,3495,2,0
92186,2982,1,0
92186,2695,1,0
92186,2655,1,0
92186,2712,1,0
92186,2375,0,0
92186,3995,1,0
92186,3495,2,0
92186,2982,1,0
92186,2695,1,0
92186,2655,1,0
92186,2712,1,0
92186,2375,0,0
92191,3075,1,0
92191,2726,1,0
92191,2949,1,0
92191,2550,1,0
92191,3111,2,0
92191,2649,1,0
92191,2580,1,0
92191,2450,1,0
92191,2549,1,0
92191,3075,1,0
92191,2726,1,0
92191,2949,1,0
92191,2550,1,0
92191,3111,2,0
92191,2649,1,0
92191,2580,1,0
92191,2450,1,0
92191,2549,1,0
92191,3075,1,0
92191,2726,1,0
92191,2949,1,0
92191,2550,1,0
92191,3111,2,0
92191,2649,1,0
92191,2580,1,0
92191,2450,1,0
92191,2549,1,0
92191,3075,1,0
92191,2726,1,0
92191,2949,1,0
92191,2550,1,0
92191,3111,2,0
92191,2649,1,0
92191,2580,1,0
92191,2450,1,0
92191,2549,1,0
92191,3075,1,0
92191,2726,1,0
92191,2949,1,0
92191,2550,1,0
92191,3111,2,0
92191,2649,1,0
92191,2580,1,0
92191,2450,1,0
92191,2549,1,0
92191,3075,1,0
92191,2726,1,0
92191,2949,1,0
92191,2550,1,0
92191,3111,2,0
92191,2649,1,0
92191,2580,1,0
92191,2450,1,0
92191,2549,1,0
92191,3075,1,0
92191,2726,1,0
92191,2949,1,0
92191,2550,1,0
92191,3111,2,0
92191,2649,1,0
92191,2580,1,0
92191,2450,1,0
92191,2549,1,0
92191,3075,1,0
92191,2726,1,0
92191,2949,1,0
92191,2550,1,0
92191,3111,2,0
92191,2649,1,0
92191,2580,1,0
92191,2450,1,0
92191,2549,1,0
92191,3075,1,0
92191,2726,1,0
92191,2949,1,0
92191,2550,1,0
92191,3111,2,0
92191,2649,1,0
92191,2580,1,0
92191,2450,1,0
92191,2549,1,0
92193,2702,1,0
92193,3020,1,0
92193,3195,2,0
92193,2495,1,0
92193,2805,1,0
92193,2625,1,0
92193,2495,1,0
92193,2691,1,0
92193,2702,1,0
92193,3020,1,0
92193,3195,2,0
92193,2495,1,0
92193,2805,1,0
92193,2625,1,0
92193,2495,1,0
92193,2691,1,0
92193,2702,1,0
92193,3020,1,0
92193,3195,2,0
92193,2495,1,0
92193,2805,1,0
92193,2625,1,0
92193,2495,1,0
92193,2691,1,0
92193,2702,1,0
92193,3020,1,0
92193,3195,2,0
92193,2495,1,0
92193,2805,1,0
92193,2625,1,0
92193,2495,1,0
92193,2691,1,0
92193,2702,1,0
92193,3020,1,0
92193,3195,2,0
92193,2495,1,0
92193,2805,1,0
92193,2625,1,0
92193,2495,1,0
92193,2691,1,0
92193,2702,1,0
92193,3020,1,0
92193,3195,2,0
92193,2495,1,0
92193,2805,1,0
92193,2625,1,0
92193,2495,1,0
92193,2691,1,0
92193,2702,1,0
92193,3020,1,0
92193,3195,2,0
92193,2495,1,0
92193,2805,1,0
92193,2625,1,0
92193,2495,1,0
92193,2691,1,0
92193,2702,1,0
92193,3020,1,0
92193,3195,2,0
92193,2495,1,0
92193,2805,1,0
92193,2625,1,0
92193,2495,1,0
92193,2691,1,0
92193,2702,1,0
92193,3020,1,0
92193,3195,2,0
92193,2495,1,0
92193,2805,1,0
92193,2625,1,0
92193,2495,1,0
92193,2691,1,0
92192,3198,2,0
92192,2696,1,0
92192,2440,0,0
92192,3119,1,0
92192,2309,0,0
92192,2798,1,0
92192,2660,1,0
92192,2389,1,0
92192,3198,2,0
92192,2696,1,0
92192,2440,0,0
92192,3119,1,0
92192,2309,0,0
92192,2798,1,0
92192,2660,1,0
92192,2389,1,0
92192,3198,2,0
92192,2696,1,0
92192,2440,0,0
92192,3119,1,0
92192,2309,0,0
92192,2798,1,0
92192,2660,1,0
92192,2389,1,0
92192,3198,2,0
92192,2696,1,0
92192,2440,0,0
92192,3119,1,0
92192,2309,0,0
92192,2798,1,0
92192,2660,1,0
92192,2389,1,0
92192,3198,2,0
92192,2696,1,0
92192,2440,0,0
92192,3119,1,0
92192,2309,0,0
92192,2798,1,0
92192,2660,1,0
92192,2389,1,0
92192,3198,2,0
92192,2696,1,0
92192,2440,0,0
92192,3119,1,0
92192,2309,0,0
92192,2798,1,0
92192,2660,1,0
92192,2389,1,0
92192,3198,2,0
92192,2696,1,0
92192,2440,0,0
92192,3119,1,0
92192,2309,0,0
92192,2798,1,0
92192,2660,1,0
92192,2389,1,0
92192,3198,2,0
92192,2696,1,0
92192,2440,0,0
92192,3119,1,0
92192,2309,0,0
92192,2798,1,0
92192,2660,1,0
92192,2389,1,0
92192,3198,2,0
92192,2696,1,0
92192,2440,0,0
92192,3119,1,0
92192,2309,0,0
92192,2798,1,0
92192,2660,1,0
92192,2389,1,0
92195,1903,0,0
92195,2260,1,0
92195,2180,1,0
92195,2000,0,0
92195,2120,1,0
92195,2318,1,0
92195,2325,1,0
92195,1903,0,0
92195,2260,1,0
92195,2180,1,0
92195,2000,0,0
92195,2120,1,0
92195,2318,1,0
92195,2325,1,0
92195,1903,0,0
92195,2260,1,0
92195,2180,1,0
92195,2000,0,0
92195,2120,1,0
92195,2318,1,0
92195,2325,1,0
92195,1903,0,0
92195,2260,1,0
92195,2180,1,0
92195,2000,0,0
92195,2120,1,0
92195,2318,1,0
92195,2325,1,0
92195,1903,0,0
92195,2260,1,0
92195,2180,1,0
92195,2000,0,0
92195,2120,1,0
92195,2318,1,0
92195,2325,1,0
92195,1903,0,0
92195,2260,1,0
92195,2180,1,0
92195,2000,0,0
92195,2120,1,0
92195,2318,1,0
92195,2325,1,0
92195,1903,0,0
92195,2260,1,0
92195,2180,1,0
92195,2000,0,0
92195,2120,1,0
92195,2318,1,0
92195,2325,1,0
92195,1903,0,0
92195,2260,1,0
92195,2180,1,0
92195,2000,0,0
92195,2120,1,0
92195,2318,1,0
92195,2325,1,0
92195,1903,0,0
92195,2260,1,0
92195,2180,1,0
92195,2000,0,0
92195,2120,1,0
92195,2318,1,0
92195,2325,1,0
92197,3520,2,0
92197,3515,2,0
92197,2629,0,0
92197,2995,2,0
92197,1995,1,0
92197,2486,1,0
92197,2679,1,0
92197,2951,2,0
92197,2678,1,0
92197,3520,2,0
92197,3515,2,0
92197,2629,0,0
92197,2995,2,0
92197,1995,1,0
92197,2486,1,0
92197,2679,1,0
92197,2951,2,0
92197,2678,1,0
92197,3520,2,0
92197,3515,2,0
92197,2629,0,0
92197,2995,2,0
92197,1995,1,0
92197,2486,1,0
92197,2679,1,0
92197,2951,2,0
92197,2678,1,0
92197,3520,2,0
92197,3515,2,0
92197,2629,0,0
92197,2995,2,0
92197,1995,1,0
92197,2486,1,0
92197,2679,1,0
92197,2951,2,0
92197,2678,1,0
92197,3520,2,0
92197,3515,2,0
92197,2629,0,0
92197,2995,2,0
92197,1995,1,0
92197,2486,1,0
92197,2679,1,0
92197,2951,2,0
92197,2678,1,0
92197,3520,2,0
92197,3515,2,0
92197,2629,0,0
92197,2995,2,0
92197,1995,1,0
92197,2486,1,0
92197,2679,1,0
92197,2951,2,0
92197,2678,1,0
92197,3520,2,0
92197,3515,2,0
92197,2629,0,0
92197,2995,2,0
92197,1995,1,0
92197,2486,1,0
92197,2679,1,0
92197,2951,2,0
92197,2678,1,0
92197,3520,2,0
92197,3515,2,0
92197,2629,0,0
92197,2995,2,0
92197,1995,1,0
92197,2486,1,0
92197,2679,1,0
92197,2951,2,0
92197,2678,1,0
92197,3520,2,0
92197,3515,2,0
92197,2629,0,0
92197,2995,2,0
92197,1995,1,0
92197,2486,1,0
92197,2679,1,0
92197,2951,2,0
92197,2678,1,0
92196,3075,1,0
92196,2726,1,0
92196,2949,1,0
92196,2550,1,0
92196,3111,2,0
92196,2649,1,0
92196,2580,1,0
92196,2450,1,0
92196,2549,1,0
92196,3075,1,0
92196,2726,1,0
92196,2949,1,0
92196,2550,1,0
92196,3111,2,0
92196,2649,1,0
92196,2580,1,0
92196,2450,1,0
92196,2549,1,0
92196,3075,1,0
92196,2726,1,0
92196,2949,1,0
92196,2550,1,0
92196,3111,2,0
92196,2649,1,0
92196,2580,1,0
92196,2450,1,0
92196,2549,1,0
92196,3075,1,0
92196,2726,1,0
92196,2949,1,0
92196,2550,1,0
92196,3111,2,0
92196,2649,1,0
92196,2580,1,0
92196,2450,1,0
92196,2549,1,0
92196,3075,1,0
92196,2726,1,0
92196,2949,1,0
92196,2550,1,0
92196,3111,2,0
92196,2649,1,0
92196,2580,1,0
92196,2450,1,0
92196,2549,1,0
92196,3075,1,0
92196,2726,1,0
92196,2949,1,0
92196,2550,1,0
92196,3111,2,0
92196,2649,1,0
92196,2580,1,0
92196,2450,1,0
92196,2549,1,0
92196,3075,1,0
92196,2726,1,0
92196,2949,1,0
92196,2550,1,0
92196,3111,2,0
92196,2649,1,0
92196,2580,1,0
92196,2450,1,0
92196,2549,1,0
92196,3075,1,0
92196,2726,1,0
92196,2949,1,0
92196,2550,1,0
92196,3111,2,0
92196,2649,1,0
92196,2580,1,0
92196,2450,1,0
92196,2549,1,0
92196,3075,1,0
92196,2726,1,0
92196,2949,1,0
92196,2550,1,0
92196,3111,2,0
92196,2649,1,0
92196,2580,1,0
92196,2450,1,0
92196,2549,1,0
92199,3520,2,0
92199,2629,0,0
92199,2995,2,0
92199,1995,1,0
92199,2486,1,0
92199,2951,2,0
92199,2678,1,0
92199,2390,1,0
92199,2689,1,0
92199,3520,2,0
92199,2629,0,0
92199,2995,2,0
92199,1995,1,0
92199,2486,1,0
92199,2951,2,0
92199,2678,1,0
92199,2390,1,0
92199,2689,1,0
92199,3520,2,0
92199,2629,0,0
92199,2995,2,0
92199,1995,1,0
92199,2486,1,0
92199,2951,2,0
92199,2678,1,0
92199,2390,1,0
92199,2689,1,0
92199,3520,2,0
92199,2629,0,0
92199,2995,2,0
92199,1995,1,0
92199,2486,1,0
92199,2951,2,0
92199,2678,1,0
92199,2390,1,0
92199,2689,1,0
92199,3520,2,0
92199,2629,0,0
92199,2995,2,0
92199,1995,1,0
92199,2486,1,0
92199,2951,2,0
92199,2678,1,0
92199,2390,1,0
92199,2689,1,0
92199,3520,2,0
92199,2629,0,0
92199,2995,2,0
92199,1995,1,0
92199,2486,1,0
92199,2951,2,0
92199,2678,1,0
92199,2390,1,0
92199,2689,1,0
92199,3520,2,0
92199,2629,0,0
92199,2995,2,0
92199,1995,1,0
92199,2486,1,0
92199,2951,2,0
92199,2678,1,0
92199,2390,1,0
92199,2689,1,0
92199,3520,2,0
92199,2629,0,0
92199,2995,2,0
92199,1995,1,0
92199,2486,1,0
92199,2951,2,0
92199,2678,1,0
92199,2390,1,0
92199,2689,1,0
92199,3520,2,0
92199,2629,0,0
92199,2995,2,0
92199,1995,1,0
92199,2486,1,0
92199,2951,2,0
92199,2678,1,0
92199,2390,1,0
92199,2689,1,0
92198,1995,1,0
92198,2951,2,0
92198,2512,1,0
92198,2489,1,0
92198,1995,1,0
92198,2951,2,0
92198,2512,1,0
92198,2489,1,0
92198,1995,1,0
92198,2951,2,0
92198,2512,1,0
92198,2489,1,0
92198,1995,1,0
92198,2951,2,0
92198,2512,1,0
92198,2489,1,0
92198,1995,1,0
92198,2951,2,0
92198,2512,1,0
92198,2489,1,0
92198,1995,1,0
92198,2951,2,0
92198,2512,1,0
92198,2489,1,0
92198,1995,1,0
92198,2951,2,0
92198,2512,1,0
92198,2489,1,0
92198,1995,1,0
92198,2951,2,0
92198,2512,1,0
92198,2489,1,0
92198,1995,1,0
92198,2951,2,0
92198,2512,1,0
92198,2489,1,0
